signal_strength_dbm,signal_quality_pct,channel_number,band_is_5ghz,security_level_rank,is_open_network,is_hidden_ssid,channel_congestion_count,co_channel_interference_risk,nearby_ap_density,has_known_vendor,estimated_snr_proxy,target_class,target_class_int,composite_score,dataset_type
-58.0,84.0,149,1,3,0,0,1,0.0,25,1,37.0,EXCELLENT,3,85.1,SYNTHETIC_DEMO
-66.9,66.2,1,0,3,0,0,2,0.0,10,1,28.1,GOOD,2,74.6,SYNTHETIC_DEMO
-55.9,88.2,6,0,3,0,0,2,0.0,21,0,39.1,EXCELLENT,3,82.9,SYNTHETIC_DEMO
-43.7,100.0,157,1,3,0,0,0,0.0,11,1,51.3,EXCELLENT,3,96.4,SYNTHETIC_DEMO
-68.3,63.4,11,0,3,0,0,1,0.0,12,1,26.7,GOOD,2,74.0,SYNTHETIC_DEMO
-68.3,63.4,1,0,3,0,0,1,0.0,7,1,26.7,GOOD,2,76.5,SYNTHETIC_DEMO
-42.9,100.0,1,0,0,1,0,4,0.0,12,1,52.1,POOR,0,55.1,SYNTHETIC_DEMO
-54.3,91.4,6,0,3,0,0,3,0.0,24,0,40.7,EXCELLENT,3,79.6,SYNTHETIC_DEMO
-71.6,56.8,157,1,4,0,0,0,0.0,3,0,23.4,EXCELLENT,3,87.1,SYNTHETIC_DEMO
-57.4,85.2,1,0,3,0,0,1,0.0,24,1,37.6,GOOD,2,76.4,SYNTHETIC_DEMO
-71.5,57.0,11,0,2,0,0,4,0.0,6,1,23.5,FAIR,1,58.5,SYNTHETIC_DEMO
-71.5,57.0,149,1,3,0,0,0,0.0,23,1,23.5,GOOD,2,75.3,SYNTHETIC_DEMO
-61.6,76.8,149,1,3,0,0,1,0.0,7,1,33.4,EXCELLENT,3,88.4,SYNTHETIC_DEMO
-91.8,16.4,44,1,0,1,0,0,0.0,25,1,3.2,POOR,0,38.8,SYNTHETIC_DEMO
-89.1,21.8,1,0,3,0,0,4,0.0,9,1,5.9,POOR,0,50.2,SYNTHETIC_DEMO
-72.9,54.2,6,0,3,0,1,3,0.0,25,1,22.1,GOOD,2,66.5,SYNTHETIC_DEMO
-79.2,41.6,40,1,3,0,0,0,0.0,7,1,15.8,GOOD,2,75.7,SYNTHETIC_DEMO
-60.6,78.8,153,1,3,0,0,0,0.0,22,1,34.4,EXCELLENT,3,84.6,SYNTHETIC_DEMO
-77.7,44.6,11,0,3,0,0,5,0.0,10,1,17.3,FAIR,1,55.9,SYNTHETIC_DEMO
-84.8,30.4,1,0,4,0,0,2,0.0,19,1,10.2,POOR,0,65.7,SYNTHETIC_DEMO
-44.5,100.0,11,0,3,0,0,5,0.0,3,1,50.5,GOOD,2,75.4,SYNTHETIC_DEMO
-68.2,63.6,48,1,3,0,0,1,0.0,24,0,26.8,GOOD,2,74.9,SYNTHETIC_DEMO
-64.1,71.8,11,0,3,0,0,5,0.0,20,1,30.9,GOOD,2,69.5,SYNTHETIC_DEMO
-84.9,30.2,6,0,3,0,0,3,0.0,14,1,10.1,POOR,0,56.1,SYNTHETIC_DEMO
-72.6,54.8,5,0,3,0,0,6,2.3,5,0,22.4,FAIR,1,56.8,SYNTHETIC_DEMO
-63.4,73.2,48,1,3,0,0,1,0.0,22,0,31.6,EXCELLENT,3,85.9,SYNTHETIC_DEMO
-81.1,37.8,157,1,3,0,0,2,0.0,16,1,13.9,GOOD,2,68.4,SYNTHETIC_DEMO
-59.7,80.6,1,0,0,1,0,4,0.0,18,1,35.3,POOR,0,49.8,SYNTHETIC_DEMO
-73.4,53.2,48,1,3,0,0,1,0.0,20,1,21.6,EXCELLENT,3,82.5,SYNTHETIC_DEMO
-69.1,61.8,149,1,3,0,0,1,0.0,12,1,25.9,GOOD,2,75.9,SYNTHETIC_DEMO
-73.4,53.2,11,0,3,0,0,2,0.0,25,0,21.6,GOOD,2,70.8,SYNTHETIC_DEMO
-39.1,100.0,1,0,3,0,0,0,0.0,17,1,55.0,EXCELLENT,3,93.2,SYNTHETIC_DEMO
-65.2,69.6,6,0,3,0,0,2,0.0,12,1,29.8,GOOD,2,77.5,SYNTHETIC_DEMO
-79.8,40.4,40,1,3,0,0,1,0.0,3,1,15.2,GOOD,2,75.8,SYNTHETIC_DEMO
-53.5,93.0,10,0,0,1,0,2,1.3,21,1,41.5,FAIR,1,57.0,SYNTHETIC_DEMO
-82.1,35.8,11,0,4,0,0,3,0.0,4,1,12.9,POOR,0,64.2,SYNTHETIC_DEMO
-62.1,75.8,40,1,2,0,0,0,0.0,15,1,32.9,GOOD,2,79.8,SYNTHETIC_DEMO
-92.4,15.2,1,0,4,0,0,1,0.0,18,1,2.6,POOR,0,66.5,SYNTHETIC_DEMO
-83.6,32.8,40,1,3,0,1,1,0.0,10,1,11.4,POOR,0,69.6,SYNTHETIC_DEMO
-62.2,75.6,11,0,3,0,0,4,0.0,5,1,32.8,GOOD,2,72.8,SYNTHETIC_DEMO
-54.7,90.6,6,0,3,0,0,4,0.0,23,1,40.3,GOOD,2,75.8,SYNTHETIC_DEMO
-62.6,74.8,157,1,4,0,0,0,0.0,21,1,32.4,EXCELLENT,3,91.8,SYNTHETIC_DEMO
-66.6,66.8,149,1,1,0,0,1,0.0,16,1,28.4,POOR,0,64.0,SYNTHETIC_DEMO
-69.2,61.6,3,0,2,0,0,2,1.8,13,1,25.8,GOOD,2,62.5,SYNTHETIC_DEMO
-85.7,28.6,40,1,3,0,0,1,0.0,14,1,9.3,POOR,0,66.5,SYNTHETIC_DEMO
-75.1,49.8,40,1,0,1,0,0,0.0,13,0,19.9,POOR,0,51.4,SYNTHETIC_DEMO
-71.4,57.2,1,0,2,0,0,4,0.0,13,1,23.6,FAIR,1,52.3,SYNTHETIC_DEMO
-50.2,99.6,44,1,4,0,0,0,0.0,24,0,44.8,EXCELLENT,3,100.0,SYNTHETIC_DEMO
-60.2,79.6,1,0,4,0,0,4,0.0,23,1,34.8,GOOD,2,76.7,SYNTHETIC_DEMO
-89.7,20.6,11,0,3,0,0,2,0.0,20,1,5.3,POOR,0,60.2,SYNTHETIC_DEMO
-60.5,79.0,11,0,4,0,0,7,0.0,12,1,34.5,GOOD,2,68.8,SYNTHETIC_DEMO
-70.4,59.2,149,1,3,0,0,0,0.0,18,1,24.6,EXCELLENT,3,83.8,SYNTHETIC_DEMO
-74.5,51.0,161,1,3,0,0,1,0.0,10,0,20.5,GOOD,2,74.6,SYNTHETIC_DEMO
-56.4,87.2,6,0,3,0,1,1,0.0,8,1,38.6,EXCELLENT,3,78.0,SYNTHETIC_DEMO
-50.6,98.8,6,0,3,0,0,4,0.0,21,1,44.4,EXCELLENT,3,82.9,SYNTHETIC_DEMO
-52.0,96.0,1,0,4,0,0,1,0.0,15,1,43.0,EXCELLENT,3,89.6,SYNTHETIC_DEMO
-76.7,46.6,6,0,3,0,0,2,0.0,17,1,18.3,GOOD,2,69.2,SYNTHETIC_DEMO
-69.3,61.4,153,1,3,0,1,1,0.0,15,1,25.7,GOOD,2,75.5,SYNTHETIC_DEMO
-60.4,79.2,149,1,0,1,0,1,0.0,3,1,34.6,POOR,0,55.4,SYNTHETIC_DEMO
-51.3,97.4,11,0,0,1,0,5,0.0,23,1,43.7,POOR,0,50.1,SYNTHETIC_DEMO
-71.7,56.6,149,1,0,1,0,1,0.0,4,1,23.3,POOR,0,51.3,SYNTHETIC_DEMO
-67.6,64.8,1,0,4,0,0,2,0.0,15,1,27.4,EXCELLENT,3,82.4,SYNTHETIC_DEMO
-80.5,39.0,36,1,4,0,0,1,0.0,4,1,14.5,EXCELLENT,3,79.2,SYNTHETIC_DEMO
-81.7,36.6,36,1,3,0,0,0,0.0,13,1,13.3,GOOD,2,77.7,SYNTHETIC_DEMO
-53.6,92.8,1,0,3,0,0,4,0.0,15,1,41.4,EXCELLENT,3,83.6,SYNTHETIC_DEMO
-46.0,100.0,1,0,3,0,0,1,0.0,12,1,49.0,EXCELLENT,3,86.2,SYNTHETIC_DEMO
-66.0,68.0,36,1,2,0,0,1,0.0,25,1,29.0,GOOD,2,71.0,SYNTHETIC_DEMO
-51.0,98.0,6,0,3,0,0,5,0.0,24,1,44.0,GOOD,2,77.1,SYNTHETIC_DEMO
-59.9,80.2,1,0,3,0,0,1,0.0,17,1,35.1,EXCELLENT,3,78.9,SYNTHETIC_DEMO
-74.0,52.0,10,0,3,0,0,2,1.0,3,1,21.0,FAIR,1,61.8,SYNTHETIC_DEMO
-59.9,80.2,6,0,3,0,0,3,0.0,16,0,35.1,GOOD,2,74.4,SYNTHETIC_DEMO
-43.5,100.0,6,0,0,1,0,1,0.0,12,1,51.5,FAIR,1,58.9,SYNTHETIC_DEMO
-65.5,69.0,153,1,0,1,0,1,0.0,20,1,29.5,POOR,0,56.8,SYNTHETIC_DEMO
-43.1,100.0,44,1,0,1,0,1,0.0,13,0,51.9,FAIR,1,72.1,SYNTHETIC_DEMO
-98.0,4.0,11,0,3,0,0,4,0.0,9,0,0.0,POOR,0,44.1,SYNTHETIC_DEMO
-53.5,93.0,44,1,4,0,0,0,0.0,17,1,41.5,EXCELLENT,3,98.1,SYNTHETIC_DEMO
-63.8,72.4,11,0,3,0,0,5,0.0,5,1,31.2,GOOD,2,72.1,SYNTHETIC_DEMO
-69.2,61.6,40,1,4,0,0,0,0.0,4,1,25.8,EXCELLENT,3,87.4,SYNTHETIC_DEMO
-63.7,72.6,36,1,3,0,0,0,0.0,24,1,31.3,EXCELLENT,3,86.3,SYNTHETIC_DEMO
-92.8,14.4,11,0,3,0,0,2,0.0,10,1,2.2,POOR,0,54.6,SYNTHETIC_DEMO
-68.1,63.8,153,1,0,1,0,0,0.0,10,1,26.9,POOR,0,56.6,SYNTHETIC_DEMO
-60.0,80.0,1,0,4,0,0,4,0.0,13,1,35.0,GOOD,2,76.3,SYNTHETIC_DEMO
-44.3,100.0,1,0,3,0,0,3,0.0,18,1,50.7,EXCELLENT,3,85.9,SYNTHETIC_DEMO
-72.3,55.4,153,1,2,0,0,0,0.0,4,1,22.7,GOOD,2,64.2,SYNTHETIC_DEMO
-76.3,47.4,11,0,3,0,0,2,0.0,24,1,18.7,GOOD,2,70.1,SYNTHETIC_DEMO
-72.0,56.0,6,0,3,0,0,1,0.0,7,0,23.0,GOOD,2,66.2,SYNTHETIC_DEMO
-52.2,95.6,6,0,3,0,0,2,0.0,9,1,42.8,EXCELLENT,3,86.9,SYNTHETIC_DEMO
-60.4,79.2,48,1,4,0,0,1,0.0,22,1,34.6,EXCELLENT,3,89.5,SYNTHETIC_DEMO
-72.4,55.2,4,0,3,0,0,4,2.2,15,0,22.6,FAIR,1,56.5,SYNTHETIC_DEMO
-57.8,84.4,4,0,3,0,0,6,3.3,4,0,37.2,GOOD,2,66.1,SYNTHETIC_DEMO
-63.6,72.8,40,1,0,1,0,0,0.0,5,1,31.4,POOR,0,63.3,SYNTHETIC_DEMO
-51.4,97.2,157,1,0,1,0,0,0.0,11,0,43.6,FAIR,1,65.7,SYNTHETIC_DEMO
-74.8,50.4,1,0,2,0,0,0,0.0,12,1,20.2,GOOD,2,64.8,SYNTHETIC_DEMO
-69.6,60.8,1,0,0,1,0,2,0.0,15,1,25.4,POOR,0,40.0,SYNTHETIC_DEMO
-70.5,59.0,1,0,3,0,0,2,0.0,23,1,24.5,GOOD,2,67.3,SYNTHETIC_DEMO
-85.5,29.0,6,0,3,0,0,2,0.0,15,1,9.5,POOR,0,64.6,SYNTHETIC_DEMO
-60.9,78.2,6,0,1,0,0,1,0.0,7,1,34.1,POOR,0,59.5,SYNTHETIC_DEMO
-61.3,77.4,44,1,4,0,0,1,0.0,25,1,33.7,EXCELLENT,3,84.3,SYNTHETIC_DEMO
-64.9,70.2,149,1,2,0,0,0,0.0,9,1,30.1,GOOD,2,72.5,SYNTHETIC_DEMO
-68.3,63.4,11,0,3,0,0,1,0.0,19,1,26.7,GOOD,2,72.2,SYNTHETIC_DEMO
-84.8,30.4,6,0,3,0,0,2,0.0,17,1,10.2,POOR,0,60.7,SYNTHETIC_DEMO
-70.9,58.2,161,1,3,0,0,2,0.0,7,1,24.1,GOOD,2,74.9,SYNTHETIC_DEMO
-69.8,60.4,6,0,3,0,0,2,0.0,9,1,25.2,GOOD,2,72.3,SYNTHETIC_DEMO
-76.2,47.6,153,1,3,0,0,1,0.0,4,1,18.8,GOOD,2,74.3,SYNTHETIC_DEMO
-67.3,65.4,6,0,3,0,0,4,0.0,20,1,27.7,GOOD,2,73.2,SYNTHETIC_DEMO
-59.3,81.4,6,0,4,0,0,2,0.0,12,1,35.7,EXCELLENT,3,85.4,SYNTHETIC_DEMO
-38.6,100.0,48,1,0,1,0,1,0.0,3,1,55.0,FAIR,1,69.2,SYNTHETIC_DEMO
-62.6,74.8,1,0,2,0,0,3,0.0,16,1,32.4,GOOD,2,68.1,SYNTHETIC_DEMO
-61.4,77.2,153,1,0,1,0,1,0.0,21,0,33.6,POOR,0,56.7,SYNTHETIC_DEMO
-66.0,68.0,4,0,3,0,0,4,2.2,18,0,29.0,FAIR,1,60.9,SYNTHETIC_DEMO
-91.9,16.2,6,0,0,1,0,4,0.0,21,0,3.1,POOR,0,28.5,SYNTHETIC_DEMO
-65.4,69.2,149,1,4,0,0,0,0.0,8,1,29.6,EXCELLENT,3,89.6,SYNTHETIC_DEMO
-64.2,71.6,11,0,3,0,0,2,0.0,14,1,30.8,GOOD,2,76.1,SYNTHETIC_DEMO
-32.0,100.0,149,1,3,0,0,2,0.0,5,1,55.0,EXCELLENT,3,88.7,SYNTHETIC_DEMO
-67.7,64.6,11,0,3,0,0,3,0.0,9,0,27.3,GOOD,2,67.2,SYNTHETIC_DEMO
-60.8,78.4,6,0,2,0,0,3,0.0,5,1,34.2,GOOD,2,68.4,SYNTHETIC_DEMO
-65.5,69.0,153,1,2,0,0,1,0.0,19,1,29.5,GOOD,2,74.9,SYNTHETIC_DEMO
-81.4,37.2,4,0,3,0,0,3,2.2,17,1,13.6,FAIR,1,60.5,SYNTHETIC_DEMO
-49.0,100.0,6,0,3,0,0,5,0.0,21,1,46.0,EXCELLENT,3,81.4,SYNTHETIC_DEMO
-54.5,91.0,6,0,3,0,0,1,0.0,21,1,40.5,EXCELLENT,3,86.4,SYNTHETIC_DEMO
-53.9,92.2,1,0,0,1,0,2,0.0,25,1,41.1,FAIR,1,58.3,SYNTHETIC_DEMO
-77.7,44.6,11,0,4,0,0,4,0.0,13,0,17.3,GOOD,2,64.3,SYNTHETIC_DEMO
-45.4,100.0,36,1,0,1,0,0,0.0,23,1,49.6,FAIR,1,73.6,SYNTHETIC_DEMO
-84.6,30.8,149,1,4,0,0,0,0.0,22,1,10.4,POOR,0,74.7,SYNTHETIC_DEMO
-56.8,86.4,44,1,3,0,0,0,0.0,4,1,38.2,EXCELLENT,3,91.3,SYNTHETIC_DEMO
-34.3,100.0,40,1,3,0,0,1,0.0,9,1,55.0,EXCELLENT,3,90.4,SYNTHETIC_DEMO
-78.9,42.2,149,1,1,0,0,0,0.0,21,1,16.1,POOR,0,52.8,SYNTHETIC_DEMO
-72.9,54.2,44,1,2,0,0,1,0.0,9,1,22.1,GOOD,2,66.1,SYNTHETIC_DEMO
-63.6,72.8,1,0,3,0,0,2,0.0,12,1,31.4,GOOD,2,73.7,SYNTHETIC_DEMO
-72.0,56.0,161,1,3,0,0,2,0.0,14,1,23.0,GOOD,2,77.6,SYNTHETIC_DEMO
-86.7,26.6,44,1,3,0,0,2,0.0,25,1,8.3,POOR,0,60.9,SYNTHETIC_DEMO
-64.0,72.0,11,0,4,0,0,3,0.0,20,1,31.0,EXCELLENT,3,78.9,SYNTHETIC_DEMO
-79.9,40.2,1,0,3,0,0,4,0.0,25,1,15.1,FAIR,1,60.7,SYNTHETIC_DEMO
-58.4,83.2,11,0,2,0,0,5,0.0,8,0,36.6,FAIR,1,55.7,SYNTHETIC_DEMO
-77.9,44.2,6,0,3,0,0,2,0.0,22,1,17.1,GOOD,2,64.7,SYNTHETIC_DEMO
-43.3,100.0,149,1,4,0,0,1,0.0,23,1,51.7,EXCELLENT,3,98.6,SYNTHETIC_DEMO
-76.0,48.0,1,0,3,0,0,4,0.0,10,1,19.0,GOOD,2,64.3,SYNTHETIC_DEMO
-69.5,61.0,6,0,0,1,0,4,0.0,7,1,25.5,POOR,0,41.9,SYNTHETIC_DEMO
-53.6,92.8,48,1,3,0,0,1,0.0,5,1,41.4,EXCELLENT,3,92.3,SYNTHETIC_DEMO
-82.2,35.6,7,0,3,0,0,6,3.5,4,1,12.8,POOR,0,48.7,SYNTHETIC_DEMO
-61.8,76.4,11,0,4,0,1,4,0.0,24,1,33.2,GOOD,2,75.0,SYNTHETIC_DEMO
-46.7,100.0,12,0,3,0,0,3,3.4,8,0,48.3,GOOD,2,77.1,SYNTHETIC_DEMO
-87.5,25.0,149,1,0,1,0,0,0.0,9,1,7.5,POOR,0,46.5,SYNTHETIC_DEMO
-62.4,75.2,161,1,4,0,0,1,0.0,10,1,32.6,EXCELLENT,3,87.1,SYNTHETIC_DEMO
-61.4,77.2,6,0,3,0,0,6,0.0,6,1,33.6,GOOD,2,67.4,SYNTHETIC_DEMO
-54.1,91.8,161,1,3,0,0,1,0.0,14,1,40.9,EXCELLENT,3,87.9,SYNTHETIC_DEMO
-82.3,35.4,1,0,3,0,0,6,0.0,14,1,12.7,POOR,0,53.2,SYNTHETIC_DEMO
-83.5,33.0,153,1,0,1,0,0,0.0,19,1,11.5,POOR,0,50.8,SYNTHETIC_DEMO
-57.7,84.6,44,1,3,0,0,0,0.0,24,0,37.3,EXCELLENT,3,89.3,SYNTHETIC_DEMO
-60.8,78.4,149,1,1,0,0,1,0.0,24,1,34.2,POOR,0,61.8,SYNTHETIC_DEMO
-61.5,77.0,1,0,3,0,0,3,0.0,21,1,33.5,GOOD,2,73.5,SYNTHETIC_DEMO
-60.1,79.8,36,1,3,0,0,0,0.0,11,1,34.9,EXCELLENT,3,89.0,SYNTHETIC_DEMO
-74.5,51.0,157,1,3,0,0,0,0.0,14,1,20.5,GOOD,2,75.1,SYNTHETIC_DEMO
-61.7,76.6,6,0,4,0,0,1,0.0,23,1,33.3,EXCELLENT,3,82.4,SYNTHETIC_DEMO
-60.9,78.2,36,1,2,0,0,0,0.0,19,0,34.1,GOOD,2,79.4,SYNTHETIC_DEMO
-75.0,50.0,11,0,3,0,0,2,0.0,25,0,20.0,GOOD,2,64.3,SYNTHETIC_DEMO
-38.9,100.0,40,1,3,0,0,1,0.0,12,0,55.0,EXCELLENT,3,93.7,SYNTHETIC_DEMO
-58.4,83.2,6,0,2,0,0,2,0.0,21,1,36.6,GOOD,2,73.5,SYNTHETIC_DEMO
-81.7,36.6,44,1,3,0,0,1,0.0,13,1,13.3,GOOD,2,68.4,SYNTHETIC_DEMO
-55.8,88.4,6,0,3,0,0,2,0.0,22,1,39.2,EXCELLENT,3,78.9,SYNTHETIC_DEMO
-78.6,42.8,11,0,2,0,0,0,0.0,24,0,16.4,FAIR,1,57.2,SYNTHETIC_DEMO
-54.0,92.0,6,0,3,0,0,2,0.0,15,1,41.0,EXCELLENT,3,79.5,SYNTHETIC_DEMO
-48.8,100.0,1,0,0,1,0,3,0.0,6,1,46.2,POOR,0,58.8,SYNTHETIC_DEMO
-76.5,47.0,1,0,3,0,0,1,0.0,17,1,18.5,GOOD,2,68.6,SYNTHETIC_DEMO
-51.5,97.0,6,0,1,0,0,2,0.0,14,1,43.5,POOR,0,65.6,SYNTHETIC_DEMO
-59.2,81.6,6,0,4,0,0,3,0.0,12,1,35.8,EXCELLENT,3,86.2,SYNTHETIC_DEMO
-53.5,93.0,11,0,3,0,0,1,0.0,24,1,41.5,EXCELLENT,3,87.8,SYNTHETIC_DEMO
-38.4,100.0,1,0,3,0,0,4,0.0,9,0,55.0,EXCELLENT,3,80.7,SYNTHETIC_DEMO
-68.4,63.2,36,1,3,0,0,0,0.0,4,0,26.6,GOOD,2,74.2,SYNTHETIC_DEMO
-75.6,48.8,11,0,4,0,0,5,0.0,23,1,19.4,GOOD,2,67.4,SYNTHETIC_DEMO
-77.5,45.0,157,1,3,0,0,0,0.0,9,0,17.5,EXCELLENT,3,78.9,SYNTHETIC_DEMO
-76.4,47.2,40,1,2,0,0,0,0.0,10,1,18.6,FAIR,1,57.5,SYNTHETIC_DEMO
-66.1,67.8,157,1,3,0,0,1,0.0,23,0,28.9,EXCELLENT,3,81.6,SYNTHETIC_DEMO
-60.2,79.6,6,0,4,0,0,0,0.0,21,1,34.8,EXCELLENT,3,87.4,SYNTHETIC_DEMO
-61.1,77.8,48,1,3,0,0,0,0.0,8,1,33.9,EXCELLENT,3,84.7,SYNTHETIC_DEMO
-53.4,93.2,1,0,3,0,0,2,0.0,23,1,41.6,EXCELLENT,3,85.6,SYNTHETIC_DEMO
-64.8,70.4,7,0,4,0,0,4,1.1,10,1,30.2,EXCELLENT,3,79.3,SYNTHETIC_DEMO
-44.7,100.0,11,0,4,0,0,2,0.0,24,1,50.3,EXCELLENT,3,92.9,SYNTHETIC_DEMO
-68.7,62.6,157,1,4,0,0,2,0.0,22,1,26.3,EXCELLENT,3,81.4,SYNTHETIC_DEMO
-32.0,100.0,1,0,0,1,0,5,0.0,6,0,55.0,POOR,0,49.2,SYNTHETIC_DEMO
-56.2,87.6,6,0,3,0,0,2,0.0,22,1,38.8,EXCELLENT,3,81.7,SYNTHETIC_DEMO
-77.0,46.0,153,1,3,0,0,0,0.0,11,1,18.0,EXCELLENT,3,78.7,SYNTHETIC_DEMO
-80.0,40.0,44,1,3,0,0,1,0.0,7,1,15.0,GOOD,2,70.6,SYNTHETIC_DEMO
-58.2,83.6,11,0,3,0,0,5,0.0,8,1,36.8,GOOD,2,72.4,SYNTHETIC_DEMO
-68.1,63.8,10,0,2,0,0,2,3.4,21,1,26.9,GOOD,2,66.3,SYNTHETIC_DEMO
-55.0,90.0,157,1,3,0,0,0,0.0,14,1,40.0,EXCELLENT,3,94.7,SYNTHETIC_DEMO
-58.4,83.2,11,0,3,0,0,4,0.0,7,1,36.6,EXCELLENT,3,78.8,SYNTHETIC_DEMO
-66.0,68.0,1,0,0,1,0,2,0.0,7,1,29.0,POOR,0,45.0,SYNTHETIC_DEMO
-76.9,46.2,6,0,3,0,0,3,0.0,20,1,18.1,GOOD,2,62.4,SYNTHETIC_DEMO
-86.2,27.6,48,1,2,0,0,0,0.0,8,1,8.8,POOR,0,59.9,SYNTHETIC_DEMO
-71.3,57.4,153,1,3,0,0,0,0.0,11,1,23.7,GOOD,2,77.1,SYNTHETIC_DEMO
-53.0,94.0,36,1,0,1,0,0,0.0,13,1,42.0,FAIR,1,72.7,SYNTHETIC_DEMO
-62.0,76.0,149,1,3,0,0,0,0.0,25,0,33.0,EXCELLENT,3,88.8,SYNTHETIC_DEMO
-82.4,35.2,1,0,3,0,0,1,0.0,16,0,12.6,POOR,0,61.5,SYNTHETIC_DEMO
-62.6,74.8,6,0,3,0,0,1,0.0,4,1,32.4,EXCELLENT,3,84.3,SYNTHETIC_DEMO
-59.6,80.8,6,0,3,0,0,0,0.0,16,1,35.4,EXCELLENT,3,83.3,SYNTHETIC_DEMO
-77.4,45.2,6,0,4,0,0,1,0.0,21,1,17.6,EXCELLENT,3,81.4,SYNTHETIC_DEMO
-62.8,74.4,11,0,3,0,0,5,0.0,12,1,32.2,GOOD,2,70.5,SYNTHETIC_DEMO
-64.2,71.6,36,1,1,0,0,1,0.0,7,1,30.8,POOR,0,64.6,SYNTHETIC_DEMO
-81.0,38.0,11,0,4,0,0,6,0.0,25,1,14.0,GOOD,2,64.3,SYNTHETIC_DEMO
-60.0,80.0,44,1,2,0,0,0,0.0,6,1,35.0,GOOD,2,81.8,SYNTHETIC_DEMO
-57.1,85.8,1,0,4,0,0,4,0.0,9,1,37.9,EXCELLENT,3,82.8,SYNTHETIC_DEMO
-49.8,100.0,1,0,4,0,0,0,0.0,15,1,45.2,EXCELLENT,3,94.6,SYNTHETIC_DEMO
-50.2,99.6,6,0,3,0,1,7,0.0,12,1,44.8,GOOD,2,73.0,SYNTHETIC_DEMO
-84.3,31.4,6,0,4,0,0,4,0.0,12,1,10.7,POOR,0,59.7,SYNTHETIC_DEMO
-78.1,43.8,40,1,0,1,0,1,0.0,6,1,16.9,POOR,0,48.6,SYNTHETIC_DEMO
-57.8,84.4,11,0,3,0,0,2,0.0,18,1,37.2,GOOD,2,76.8,SYNTHETIC_DEMO
-57.8,84.4,1,0,3,0,0,8,0.0,17,1,37.2,FAIR,1,61.6,SYNTHETIC_DEMO
-57.8,84.4,6,0,3,0,0,3,0.0,23,0,37.2,GOOD,2,76.1,SYNTHETIC_DEMO
-32.0,100.0,1,0,4,0,0,2,0.0,13,1,55.0,EXCELLENT,3,94.4,SYNTHETIC_DEMO
-57.0,86.0,1,0,0,1,0,3,0.0,21,0,38.0,POOR,0,54.3,SYNTHETIC_DEMO
-49.1,100.0,153,1,3,0,0,2,0.0,23,1,45.9,EXCELLENT,3,90.4,SYNTHETIC_DEMO
-51.6,96.8,161,1,3,0,0,1,0.0,5,0,43.4,EXCELLENT,3,94.9,SYNTHETIC_DEMO
-55.9,88.2,6,0,3,0,0,5,0.0,17,1,39.1,GOOD,2,73.2,SYNTHETIC_DEMO
-69.4,61.2,44,1,3,0,0,0,0.0,18,1,25.6,GOOD,2,75.7,SYNTHETIC_DEMO
-54.4,91.2,3,0,3,0,0,5,3.5,16,0,40.6,GOOD,2,62.1,SYNTHETIC_DEMO
-75.8,48.4,6,0,4,0,0,2,0.0,7,1,19.2,GOOD,2,69.0,SYNTHETIC_DEMO
-68.3,63.4,1,0,2,0,0,1,0.0,19,1,26.7,GOOD,2,67.4,SYNTHETIC_DEMO
-71.8,56.4,6,0,4,0,0,0,0.0,20,1,23.2,GOOD,2,77.8,SYNTHETIC_DEMO
-63.9,72.2,11,0,3,0,0,2,0.0,21,1,31.1,GOOD,2,77.3,SYNTHETIC_DEMO
-32.6,100.0,9,0,3,0,0,1,1.4,3,1,55.0,EXCELLENT,3,90.6,SYNTHETIC_DEMO
-91.1,17.8,1,0,3,0,0,2,0.0,11,1,3.9,POOR,0,53.5,SYNTHETIC_DEMO
-55.4,89.2,3,0,3,0,0,0,1.1,23,1,39.6,EXCELLENT,3,86.0,SYNTHETIC_DEMO
-87.6,24.8,7,0,3,0,0,3,2.4,16,1,7.4,POOR,0,55.1,SYNTHETIC_DEMO
-71.6,56.8,161,1,4,0,0,1,0.0,22,1,23.4,EXCELLENT,3,80.1,SYNTHETIC_DEMO
-49.8,100.0,11,0,3,0,0,2,0.0,23,1,45.2,EXCELLENT,3,89.7,SYNTHETIC_DEMO
-64.1,71.8,11,0,4,0,0,0,0.0,22,1,30.9,EXCELLENT,3,84.3,SYNTHETIC_DEMO
-80.1,39.8,6,0,3,0,0,2,0.0,23,0,14.9,FAIR,1,61.4,SYNTHETIC_DEMO
-75.0,50.0,11,0,2,0,0,1,0.0,25,1,20.0,GOOD,2,66.6,SYNTHETIC_DEMO
-55.5,89.0,6,0,3,0,0,6,0.0,13,1,39.5,GOOD,2,74.5,SYNTHETIC_DEMO
-75.2,49.6,11,0,4,0,0,4,0.0,4,1,19.8,GOOD,2,71.3,SYNTHETIC_DEMO
-62.0,76.0,6,0,3,0,0,1,0.0,22,1,33.0,EXCELLENT,3,83.5,SYNTHETIC_DEMO
-64.4,71.2,11,0,4,0,0,2,0.0,25,1,30.6,EXCELLENT,3,78.6,SYNTHETIC_DEMO
-74.1,51.8,11,0,4,0,0,5,0.0,7,1,20.9,GOOD,2,70.9,SYNTHETIC_DEMO
-35.0,100.0,1,0,3,0,0,2,0.0,24,1,55.0,EXCELLENT,3,84.1,SYNTHETIC_DEMO
-56.1,87.8,11,0,0,1,0,3,0.0,17,0,38.9,POOR,0,50.5,SYNTHETIC_DEMO
-93.4,13.2,6,0,3,0,0,2,0.0,14,1,1.6,POOR,0,54.4,SYNTHETIC_DEMO
-62.4,75.2,11,0,3,0,0,1,0.0,16,1,32.6,GOOD,2,77.3,SYNTHETIC_DEMO
-74.3,51.4,36,1,3,0,0,1,0.0,13,1,20.7,EXCELLENT,3,78.3,SYNTHETIC_DEMO
-53.1,93.8,6,0,3,0,0,3,0.0,23,1,41.9,EXCELLENT,3,82.0,SYNTHETIC_DEMO
-76.1,47.8,5,0,3,0,0,3,2.8,11,1,18.9,FAIR,1,59.5,SYNTHETIC_DEMO
-66.6,66.8,1,0,3,0,0,2,0.0,22,1,28.4,GOOD,2,76.0,SYNTHETIC_DEMO
-57.9,84.2,44,1,3,0,0,0,0.0,10,1,37.1,EXCELLENT,3,88.6,SYNTHETIC_DEMO
-52.9,94.2,6,0,3,0,1,2,0.0,14,1,42.1,EXCELLENT,3,79.6,SYNTHETIC_DEMO
-81.8,36.4,6,0,3,0,0,2,0.0,5,1,13.2,GOOD,2,63.5,SYNTHETIC_DEMO
-69.7,60.6,6,0,3,0,0,2,0.0,23,1,25.3,GOOD,2,73.2,SYNTHETIC_DEMO
-71.6,56.8,6,0,3,0,0,0,0.0,17,0,23.4,GOOD,2,74.0,SYNTHETIC_DEMO
-74.1,51.8,6,0,4,0,0,3,0.0,10,0,20.9,GOOD,2,68.4,SYNTHETIC_DEMO
-40.3,100.0,1,0,3,0,0,5,0.0,9,1,54.7,EXCELLENT,3,81.5,SYNTHETIC_DEMO
-59.3,81.4,161,1,3,0,0,1,0.0,19,1,35.7,EXCELLENT,3,85.6,SYNTHETIC_DEMO
-82.7,34.6,1,0,3,0,0,2,0.0,14,1,12.3,POOR,0,60.7,SYNTHETIC_DEMO
-52.1,95.8,161,1,3,0,0,1,0.0,22,1,42.9,EXCELLENT,3,86.9,SYNTHETIC_DEMO
-35.3,100.0,44,1,3,0,0,1,0.0,20,1,55.0,EXCELLENT,3,95.7,SYNTHETIC_DEMO
-50.5,99.0,6,0,4,0,0,4,0.0,20,1,44.5,EXCELLENT,3,85.9,SYNTHETIC_DEMO
-86.3,27.4,11,0,3,0,0,2,0.0,17,1,8.7,POOR,0,60.8,SYNTHETIC_DEMO
-71.8,56.4,6,0,3,0,0,2,0.0,25,0,23.2,GOOD,2,71.5,SYNTHETIC_DEMO
-47.3,100.0,11,0,3,0,0,2,0.0,5,1,47.7,EXCELLENT,3,84.2,SYNTHETIC_DEMO
-74.9,50.2,11,0,0,1,0,2,0.0,21,1,20.1,POOR,0,39.0,SYNTHETIC_DEMO
-58.8,82.4,149,1,3,0,0,0,0.0,17,1,36.2,EXCELLENT,3,89.0,SYNTHETIC_DEMO
-54.2,91.6,40,1,3,0,0,1,0.0,18,0,40.8,EXCELLENT,3,88.8,SYNTHETIC_DEMO
-78.0,44.0,11,0,3,0,0,5,0.0,24,1,17.0,FAIR,1,58.6,SYNTHETIC_DEMO
-65.8,68.4,1,0,3,0,0,3,0.0,24,0,29.2,GOOD,2,74.8,SYNTHETIC_DEMO
-98.0,4.0,153,1,0,1,0,0,0.0,19,1,0.0,POOR,0,28.9,SYNTHETIC_DEMO
-79.3,41.4,157,1,2,0,0,0,0.0,3,1,15.7,GOOD,2,67.9,SYNTHETIC_DEMO
-68.5,63.0,153,1,4,0,0,3,0.0,13,0,26.5,EXCELLENT,3,80.8,SYNTHETIC_DEMO
-82.5,35.0,11,0,3,0,0,1,0.0,8,1,12.5,POOR,0,66.4,SYNTHETIC_DEMO
-42.1,100.0,11,0,3,0,0,2,0.0,25,0,52.9,GOOD,2,73.6,SYNTHETIC_DEMO
-85.0,30.0,1,0,0,1,0,1,0.0,11,1,10.0,POOR,0,42.2,SYNTHETIC_DEMO
-71.2,57.6,7,0,0,1,0,5,2.7,22,0,23.8,POOR,0,30.0,SYNTHETIC_DEMO
-63.2,73.6,1,0,3,0,0,0,0.0,18,1,31.8,EXCELLENT,3,79.2,SYNTHETIC_DEMO
-44.8,100.0,11,0,3,0,0,5,0.0,8,1,50.2,EXCELLENT,3,78.5,SYNTHETIC_DEMO
-85.1,29.8,44,1,3,0,0,3,0.0,14,1,9.9,POOR,0,65.1,SYNTHETIC_DEMO
-48.7,100.0,6,0,3,0,0,3,0.0,21,1,46.3,EXCELLENT,3,85.3,SYNTHETIC_DEMO
-64.9,70.2,6,0,3,0,0,3,0.0,15,0,30.1,GOOD,2,73.6,SYNTHETIC_DEMO
-78.7,42.6,6,0,2,0,0,3,0.0,15,1,16.3,FAIR,1,55.8,SYNTHETIC_DEMO
-58.5,83.0,1,0,2,0,0,1,0.0,6,1,36.5,GOOD,2,72.6,SYNTHETIC_DEMO
-62.2,75.6,1,0,3,0,0,1,0.0,11,1,32.8,EXCELLENT,3,80.5,SYNTHETIC_DEMO
-73.4,53.2,6,0,3,0,0,2,0.0,16,1,21.6,GOOD,2,65.9,SYNTHETIC_DEMO
-64.0,72.0,157,1,3,0,0,1,0.0,16,1,31.0,EXCELLENT,3,80.7,SYNTHETIC_DEMO
-70.4,59.2,4,0,3,0,0,3,1.6,19,1,24.6,GOOD,2,69.4,SYNTHETIC_DEMO
-63.4,73.2,1,0,3,0,0,3,0.0,7,1,31.6,GOOD,2,76.5,SYNTHETIC_DEMO
-55.7,88.6,6,0,4,0,0,4,0.0,25,0,39.3,EXCELLENT,3,82.4,SYNTHETIC_DEMO
-42.8,100.0,149,1,3,0,0,0,0.0,21,1,52.2,EXCELLENT,3,93.5,SYNTHETIC_DEMO
-82.3,35.4,153,1,0,1,0,0,0.0,4,0,12.7,POOR,0,48.1,SYNTHETIC_DEMO
-35.1,100.0,48,1,3,0,0,0,0.0,15,1,55.0,EXCELLENT,3,91.5,SYNTHETIC_DEMO
-92.3,15.4,11,0,4,0,0,3,0.0,13,1,2.7,POOR,0,62.0,SYNTHETIC_DEMO
-67.1,65.8,1,0,3,0,0,2,0.0,4,1,27.9,GOOD,2,72.8,SYNTHETIC_DEMO
-56.8,86.4,1,0,3,0,0,4,0.0,3,1,38.2,EXCELLENT,3,81.5,SYNTHETIC_DEMO
-61.1,77.8,1,0,0,1,1,5,0.0,23,1,33.9,POOR,0,38.7,SYNTHETIC_DEMO
-73.7,52.6,161,1,3,0,0,0,0.0,5,0,21.3,EXCELLENT,3,81.7,SYNTHETIC_DEMO
-67.9,64.2,10,0,0,1,0,4,1.6,14,1,27.1,POOR,0,40.2,SYNTHETIC_DEMO
-71.9,56.2,48,1,3,0,0,0,0.0,9,1,23.1,EXCELLENT,3,78.5,SYNTHETIC_DEMO
-73.3,53.4,48,1,4,0,0,1,0.0,3,1,21.7,EXCELLENT,3,82.1,SYNTHETIC_DEMO
-53.1,93.8,2,0,4,0,0,5,1.7,11,1,41.9,GOOD,2,77.2,SYNTHETIC_DEMO
-60.0,80.0,44,1,3,0,0,1,0.0,20,1,35.0,EXCELLENT,3,85.6,SYNTHETIC_DEMO
-74.7,50.6,6,0,3,0,0,2,0.0,22,0,20.3,GOOD,2,64.1,SYNTHETIC_DEMO
-52.4,95.2,1,0,4,0,0,3,0.0,8,1,42.6,EXCELLENT,3,84.6,SYNTHETIC_DEMO
-60.7,78.6,1,0,3,0,0,3,0.0,11,0,34.3,GOOD,2,75.4,SYNTHETIC_DEMO
-53.6,92.8,6,0,0,1,0,3,0.0,25,1,41.4,POOR,0,53.2,SYNTHETIC_DEMO
-56.2,87.6,6,0,3,0,0,2,0.0,10,1,38.8,EXCELLENT,3,79.0,SYNTHETIC_DEMO
-76.6,46.8,1,0,3,0,0,5,0.0,25,1,18.4,FAIR,1,56.3,SYNTHETIC_DEMO
-72.8,54.4,6,0,3,0,0,3,0.0,20,1,22.2,GOOD,2,65.9,SYNTHETIC_DEMO
-54.5,91.0,1,0,3,0,0,2,0.0,17,1,40.5,EXCELLENT,3,86.4,SYNTHETIC_DEMO
-56.5,87.0,11,0,3,0,0,3,0.0,3,1,38.5,GOOD,2,76.3,SYNTHETIC_DEMO
-65.3,69.4,6,0,3,0,0,6,0.0,16,0,29.7,FAIR,1,61.9,SYNTHETIC_DEMO
-63.4,73.2,1,0,2,0,0,8,0.0,20,1,31.6,FAIR,1,53.6,SYNTHETIC_DEMO
-47.1,100.0,6,0,3,0,0,3,0.0,21,0,47.9,EXCELLENT,3,80.3,SYNTHETIC_DEMO
-73.3,53.4,36,1,4,0,0,0,0.0,21,0,21.7,EXCELLENT,3,88.4,SYNTHETIC_DEMO
-57.3,85.4,36,1,3,0,1,0,0.0,12,1,37.7,EXCELLENT,3,86.4,SYNTHETIC_DEMO
-67.8,64.4,157,1,3,0,0,0,0.0,22,1,27.2,EXCELLENT,3,83.5,SYNTHETIC_DEMO
-68.0,64.0,36,1,4,0,0,1,0.0,23,1,27.0,EXCELLENT,3,88.0,SYNTHETIC_DEMO
-49.6,100.0,11,0,4,0,0,3,0.0,8,1,45.4,EXCELLENT,3,91.2,SYNTHETIC_DEMO
-53.4,93.2,48,1,3,0,0,0,0.0,19,1,41.6,EXCELLENT,3,93.3,SYNTHETIC_DEMO
-53.6,92.8,4,0,0,1,0,3,3.4,16,1,41.4,POOR,0,50.3,SYNTHETIC_DEMO
-46.7,100.0,6,0,3,0,0,1,0.0,15,1,48.3,EXCELLENT,3,93.9,SYNTHETIC_DEMO
-64.7,70.6,48,1,4,0,0,1,0.0,10,1,30.3,EXCELLENT,3,87.2,SYNTHETIC_DEMO
-55.5,89.0,1,0,4,0,0,0,0.0,24,1,39.5,EXCELLENT,3,89.8,SYNTHETIC_DEMO
-69.3,61.4,40,1,4,0,0,1,0.0,12,1,25.7,EXCELLENT,3,82.4,SYNTHETIC_DEMO
-60.5,79.0,153,1,3,0,0,1,0.0,11,1,34.5,EXCELLENT,3,80.3,SYNTHETIC_DEMO
-66.8,66.4,48,1,3,0,0,2,0.0,7,1,28.2,EXCELLENT,3,81.3,SYNTHETIC_DEMO
-63.6,72.8,48,1,0,1,0,0,0.0,25,0,31.4,POOR,0,51.4,SYNTHETIC_DEMO
-56.7,86.6,1,0,3,0,0,0,0.0,6,1,38.3,EXCELLENT,3,85.3,SYNTHETIC_DEMO
-76.5,47.0,11,0,3,0,0,4,0.0,8,1,18.5,GOOD,2,62.0,SYNTHETIC_DEMO
-35.7,100.0,7,0,3,0,0,3,1.1,8,1,55.0,EXCELLENT,3,88.5,SYNTHETIC_DEMO
-79.1,41.8,1,0,3,0,0,4,0.0,15,1,15.9,FAIR,1,55.3,SYNTHETIC_DEMO
-82.0,36.0,6,0,3,0,0,7,0.0,6,1,13.0,FAIR,1,49.5,SYNTHETIC_DEMO
-48.8,100.0,153,1,3,0,0,1,0.0,24,1,46.2,EXCELLENT,3,92.4,SYNTHETIC_DEMO
-53.9,92.2,48,1,3,0,0,2,0.0,10,1,41.1,EXCELLENT,3,87.3,SYNTHETIC_DEMO
-56.3,87.4,1,0,0,1,0,3,0.0,7,1,38.7,POOR,0,52.3,SYNTHETIC_DEMO
-56.2,87.6,1,0,3,0,0,3,0.0,4,1,38.8,EXCELLENT,3,78.8,SYNTHETIC_DEMO
-65.2,69.6,11,0,3,0,0,2,0.0,11,1,29.8,GOOD,2,71.2,SYNTHETIC_DEMO
-77.6,44.8,1,0,3,0,0,7,0.0,13,0,17.4,FAIR,1,54.4,SYNTHETIC_DEMO
-63.9,72.2,153,1,4,0,0,1,0.0,22,1,31.1,EXCELLENT,3,81.1,SYNTHETIC_DEMO
-74.5,51.0,6,0,3,0,0,4,0.0,22,1,20.5,GOOD,2,64.0,SYNTHETIC_DEMO
-51.3,97.4,6,0,3,0,0,3,0.0,13,1,43.7,EXCELLENT,3,80.7,SYNTHETIC_DEMO
-67.1,65.8,6,0,3,0,0,2,0.0,9,1,27.9,GOOD,2,76.7,SYNTHETIC_DEMO
-76.6,46.8,6,0,3,0,0,0,0.0,16,0,18.4,GOOD,2,74.6,SYNTHETIC_DEMO
-69.5,61.0,1,0,4,0,0,7,0.0,8,1,25.5,GOOD,2,65.0,SYNTHETIC_DEMO
-59.2,81.6,6,0,3,0,0,5,0.0,6,1,35.8,GOOD,2,76.7,SYNTHETIC_DEMO
-72.9,54.2,11,0,4,0,0,5,0.0,8,1,22.1,GOOD,2,67.0,SYNTHETIC_DEMO
-76.5,47.0,11,0,3,0,0,1,0.0,5,1,18.5,GOOD,2,66.4,SYNTHETIC_DEMO
-61.6,76.8,1,0,4,0,0,4,0.0,25,1,33.4,EXCELLENT,3,83.3,SYNTHETIC_DEMO
-61.6,76.8,153,1,0,1,0,0,0.0,8,0,33.4,POOR,0,61.4,SYNTHETIC_DEMO
-72.1,55.8,1,0,4,0,0,2,0.0,5,1,22.9,GOOD,2,75.1,SYNTHETIC_DEMO
-71.6,56.8,6,0,3,0,0,1,0.0,3,1,23.4,GOOD,2,74.7,SYNTHETIC_DEMO
-61.8,76.4,6,0,3,0,0,4,0.0,23,1,33.2,GOOD,2,73.8,SYNTHETIC_DEMO
-85.3,29.4,40,1,3,0,0,1,0.0,20,1,9.7,POOR,0,67.9,SYNTHETIC_DEMO
-84.7,30.6,1,0,4,0,0,5,0.0,25,1,10.3,POOR,0,55.7,SYNTHETIC_DEMO
-75.1,49.8,153,1,0,1,0,1,0.0,25,1,19.9,POOR,0,49.4,SYNTHETIC_DEMO
-68.0,64.0,6,0,3,0,0,6,0.0,6,1,27.0,GOOD,2,66.1,SYNTHETIC_DEMO
-60.6,78.8,11,0,4,0,0,3,0.0,8,1,34.4,EXCELLENT,3,80.6,SYNTHETIC_DEMO
-44.3,100.0,1,0,3,0,0,4,0.0,19,1,50.7,EXCELLENT,3,83.9,SYNTHETIC_DEMO
-53.0,94.0,11,0,2,0,0,4,0.0,20,1,42.0,GOOD,2,70.3,SYNTHETIC_DEMO
-67.2,65.6,153,1,3,0,0,0,0.0,8,1,27.8,EXCELLENT,3,80.3,SYNTHETIC_DEMO
-65.3,69.4,3,0,3,0,0,10,2.6,4,1,29.7,FAIR,1,55.3,SYNTHETIC_DEMO
-79.0,42.0,4,0,4,0,0,4,1.8,14,1,16.0,GOOD,2,62.7,SYNTHETIC_DEMO
-65.3,69.4,1,0,3,0,0,3,0.0,14,1,29.7,GOOD,2,71.1,SYNTHETIC_DEMO
-69.0,62.0,1,0,3,0,0,0,0.0,6,0,26.0,GOOD,2,75.7,SYNTHETIC_DEMO
-60.5,79.0,6,0,4,0,0,2,0.0,18,0,34.5,EXCELLENT,3,79.1,SYNTHETIC_DEMO
-76.6,46.8,1,0,3,0,0,2,0.0,22,0,18.4,GOOD,2,63.1,SYNTHETIC_DEMO
-57.7,84.6,153,1,0,1,0,1,0.0,12,0,37.3,FAIR,1,63.6,SYNTHETIC_DEMO
-43.5,100.0,11,0,3,0,0,4,0.0,12,1,51.5,EXCELLENT,3,81.6,SYNTHETIC_DEMO
-66.5,67.0,11,0,3,0,0,4,0.0,9,0,28.5,GOOD,2,65.5,SYNTHETIC_DEMO
-59.4,81.2,44,1,2,0,0,2,0.0,16,0,35.6,GOOD,2,72.1,SYNTHETIC_DEMO
-55.3,89.4,6,0,4,0,0,3,0.0,9,1,39.7,EXCELLENT,3,88.8,SYNTHETIC_DEMO
-70.6,58.8,149,1,3,0,0,0,0.0,14,1,24.4,EXCELLENT,3,81.5,SYNTHETIC_DEMO
-61.9,76.2,11,0,3,0,0,2,0.0,13,1,33.1,EXCELLENT,3,79.0,SYNTHETIC_DEMO
-64.8,70.4,149,1,3,0,0,1,0.0,19,0,30.2,EXCELLENT,3,78.2,SYNTHETIC_DEMO
-63.6,72.8,11,0,3,0,0,4,0.0,13,1,31.4,GOOD,2,74.8,SYNTHETIC_DEMO
-75.8,48.4,36,1,4,0,0,1,0.0,23,1,19.2,EXCELLENT,3,86.7,SYNTHETIC_DEMO
-64.7,70.6,157,1,4,0,0,1,0.0,5,1,30.3,EXCELLENT,3,85.1,SYNTHETIC_DEMO
-58.0,84.0,13,0,3,0,0,2,2.2,21,1,37.0,GOOD,2,73.2,SYNTHETIC_DEMO
-44.7,100.0,161,1,3,0,0,0,0.0,24,1,50.3,EXCELLENT,3,95.5,SYNTHETIC_DEMO
-51.6,96.8,12,0,3,0,0,3,2.2,6,0,43.4,EXCELLENT,3,79.6,SYNTHETIC_DEMO
-34.9,100.0,10,0,3,0,0,4,3.3,10,1,55.0,GOOD,2,76.0,SYNTHETIC_DEMO
-75.7,48.6,11,0,0,1,0,3,0.0,16,0,19.3,POOR,0,35.3,SYNTHETIC_DEMO
-52.8,94.4,11,0,1,0,0,2,0.0,22,1,42.2,POOR,0,63.3,SYNTHETIC_DEMO
-62.4,75.2,6,0,3,0,1,5,0.0,16,1,32.6,GOOD,2,69.1,SYNTHETIC_DEMO
-34.3,100.0,2,0,3,0,1,0,3.1,18,1,55.0,EXCELLENT,3,81.1,SYNTHETIC_DEMO
-76.3,47.4,1,0,0,1,0,4,0.0,17,1,18.7,POOR,0,39.6,SYNTHETIC_DEMO
-76.8,46.4,153,1,3,0,0,0,0.0,14,1,18.2,EXCELLENT,3,79.7,SYNTHETIC_DEMO
-73.4,53.2,44,1,0,1,0,2,0.0,18,1,21.6,POOR,0,49.9,SYNTHETIC_DEMO
-94.7,10.6,6,0,3,0,0,4,0.0,22,1,0.3,POOR,0,49.8,SYNTHETIC_DEMO
-72.4,55.2,6,0,3,0,0,4,0.0,21,1,22.6,GOOD,2,68.0,SYNTHETIC_DEMO
-75.6,48.8,6,0,4,0,0,3,0.0,7,0,19.4,GOOD,2,65.9,SYNTHETIC_DEMO
-62.9,74.2,6,0,3,0,0,0,0.0,14,1,32.1,EXCELLENT,3,78.1,SYNTHETIC_DEMO
-60.2,79.6,2,0,0,1,0,3,2.7,7,1,34.8,POOR,0,46.4,SYNTHETIC_DEMO
-38.7,100.0,1,0,3,0,0,5,0.0,12,1,55.0,GOOD,2,77.5,SYNTHETIC_DEMO
-51.7,96.6,7,0,4,0,0,1,1.9,19,0,43.3,EXCELLENT,3,84.3,SYNTHETIC_DEMO
-73.1,53.8,149,1,4,0,0,0,0.0,17,0,21.9,EXCELLENT,3,87.3,SYNTHETIC_DEMO
-77.6,44.8,11,0,3,0,1,2,0.0,10,1,17.4,GOOD,2,69.8,SYNTHETIC_DEMO
-58.1,83.8,6,0,3,0,0,2,0.0,10,0,36.9,GOOD,2,76.9,SYNTHETIC_DEMO
-83.5,33.0,11,0,4,0,0,2,0.0,10,0,11.5,POOR,0,65.4,SYNTHETIC_DEMO
-39.4,100.0,1,0,2,0,0,3,0.0,12,1,55.0,GOOD,2,72.8,SYNTHETIC_DEMO
-48.5,100.0,11,0,3,0,0,5,0.0,22,1,46.5,EXCELLENT,3,82.3,SYNTHETIC_DEMO
-71.6,56.8,1,0,3,0,0,5,0.0,15,1,23.4,GOOD,2,67.8,SYNTHETIC_DEMO
-89.0,22.0,3,0,0,1,0,2,1.6,18,1,6.0,POOR,0,25.6,SYNTHETIC_DEMO
-46.0,100.0,13,0,3,0,0,3,1.9,11,1,49.0,EXCELLENT,3,82.0,SYNTHETIC_DEMO
-66.6,66.8,36,1,3,0,0,0,0.0,18,1,28.4,EXCELLENT,3,79.5,SYNTHETIC_DEMO
-47.7,100.0,149,1,3,0,0,2,0.0,12,1,47.3,EXCELLENT,3,95.9,SYNTHETIC_DEMO
-87.3,25.4,11,0,4,0,0,2,0.0,5,0,7.7,POOR,0,63.8,SYNTHETIC_DEMO
-73.4,53.2,1,0,3,0,0,8,0.0,25,1,21.6,FAIR,1,53.5,SYNTHETIC_DEMO
-64.9,70.2,2,0,4,0,1,5,2.0,24,0,30.1,GOOD,2,64.8,SYNTHETIC_DEMO
-64.3,71.4,1,0,0,1,0,4,0.0,16,1,30.7,POOR,0,45.3,SYNTHETIC_DEMO
-71.3,57.4,1,0,3,0,0,3,0.0,15,1,23.7,GOOD,2,70.1,SYNTHETIC_DEMO
-56.3,87.4,10,0,0,1,0,3,2.8,6,1,38.7,POOR,0,52.9,SYNTHETIC_DEMO
-79.9,40.2,11,0,4,0,0,1,0.0,6,1,15.1,GOOD,2,68.4,SYNTHETIC_DEMO
-67.0,66.0,11,0,3,0,0,1,0.0,8,0,28.0,EXCELLENT,3,79.4,SYNTHETIC_DEMO
-63.3,73.4,6,0,3,0,0,3,0.0,21,0,31.7,GOOD,2,76.9,SYNTHETIC_DEMO
-57.8,84.4,149,1,4,0,0,1,0.0,13,1,37.2,EXCELLENT,3,89.7,SYNTHETIC_DEMO
-55.0,90.0,48,1,3,0,0,0,0.0,10,0,40.0,EXCELLENT,3,89.7,SYNTHETIC_DEMO
-80.7,38.6,153,1,4,0,0,1,0.0,16,1,14.3,EXCELLENT,3,81.4,SYNTHETIC_DEMO
-86.5,27.0,11,0,3,0,0,4,0.0,10,1,8.5,POOR,0,59.3,SYNTHETIC_DEMO
-47.1,100.0,149,1,4,0,0,1,0.0,16,1,47.9,EXCELLENT,3,96.8,SYNTHETIC_DEMO
-60.3,79.4,6,0,3,0,0,3,0.0,25,1,34.7,EXCELLENT,3,78.6,SYNTHETIC_DEMO
-75.5,49.0,153,1,0,1,0,0,0.0,9,1,19.5,POOR,0,61.1,SYNTHETIC_DEMO
-43.3,100.0,11,0,3,0,0,1,0.0,23,1,51.7,EXCELLENT,3,88.1,SYNTHETIC_DEMO
-63.4,73.2,48,1,1,0,0,0,0.0,20,1,31.6,POOR,0,63.7,SYNTHETIC_DEMO
-48.5,100.0,11,0,3,0,0,3,0.0,14,1,46.5,EXCELLENT,3,83.9,SYNTHETIC_DEMO
-64.1,71.8,36,1,3,0,0,1,0.0,16,1,30.9,EXCELLENT,3,83.7,SYNTHETIC_DEMO
-36.1,100.0,44,1,3,0,0,0,0.0,17,0,55.0,EXCELLENT,3,91.4,SYNTHETIC_DEMO
-40.4,100.0,11,0,0,1,0,2,0.0,20,1,54.6,FAIR,1,61.9,SYNTHETIC_DEMO
-68.5,63.0,1,0,2,0,0,3,0.0,14,1,26.5,FAIR,1,56.7,SYNTHETIC_DEMO
-51.4,97.2,40,1,3,0,0,0,0.0,12,1,43.6,EXCELLENT,3,92.0,SYNTHETIC_DEMO
-56.0,88.0,1,0,4,0,1,4,0.0,14,1,39.0,EXCELLENT,3,81.3,SYNTHETIC_DEMO
-45.8,100.0,149,1,3,0,0,0,0.0,10,1,49.2,EXCELLENT,3,89.7,SYNTHETIC_DEMO
-78.5,43.0,11,0,3,0,0,3,0.0,8,1,16.5,GOOD,2,66.2,SYNTHETIC_DEMO
-55.4,89.2,1,0,3,0,0,0,0.0,21,0,39.6,EXCELLENT,3,78.2,SYNTHETIC_DEMO
-50.2,99.6,11,0,3,0,0,0,0.0,3,0,44.8,EXCELLENT,3,82.7,SYNTHETIC_DEMO
-89.6,20.8,6,0,3,0,0,3,0.0,15,1,5.4,POOR,0,54.2,SYNTHETIC_DEMO
-81.6,36.8,44,1,3,0,0,1,0.0,24,1,13.4,GOOD,2,71.5,SYNTHETIC_DEMO
-93.5,13.0,5,0,3,0,1,3,3.1,18,1,1.5,POOR,0,49.3,SYNTHETIC_DEMO
-68.8,62.4,6,0,4,0,0,2,0.0,20,1,26.2,GOOD,2,77.6,SYNTHETIC_DEMO
-55.0,90.0,6,0,1,0,0,6,0.0,14,1,40.0,POOR,0,52.6,SYNTHETIC_DEMO
-44.0,100.0,1,0,3,0,0,4,0.0,7,1,51.0,EXCELLENT,3,82.9,SYNTHETIC_DEMO
-64.0,72.0,44,1,0,1,0,0,0.0,23,1,31.0,POOR,0,57.6,SYNTHETIC_DEMO
-42.2,100.0,157,1,3,0,0,0,0.0,15,1,52.8,EXCELLENT,3,95.4,SYNTHETIC_DEMO
-84.3,31.4,1,0,3,0,0,6,0.0,10,0,10.7,POOR,0,47.2,SYNTHETIC_DEMO
-88.8,22.4,44,1,3,0,0,0,0.0,8,1,6.2,POOR,0,68.1,SYNTHETIC_DEMO
-65.8,68.4,48,1,0,1,1,1,0.0,5,1,29.2,POOR,0,53.4,SYNTHETIC_DEMO
-59.6,80.8,6,0,3,0,0,0,0.0,22,1,35.4,EXCELLENT,3,80.9,SYNTHETIC_DEMO
-65.5,69.0,48,1,0,1,0,2,0.0,6,1,29.5,POOR,0,55.2,SYNTHETIC_DEMO
-93.9,12.2,1,0,0,1,0,5,0.0,14,1,1.1,POOR,0,23.7,SYNTHETIC_DEMO
-66.2,67.6,11,0,4,0,0,2,0.0,15,1,28.8,EXCELLENT,3,82.8,SYNTHETIC_DEMO
-83.3,33.4,48,1,3,0,0,1,0.0,4,1,11.7,POOR,0,64.7,SYNTHETIC_DEMO
-55.6,88.8,1,0,4,0,0,6,0.0,21,1,39.4,GOOD,2,77.7,SYNTHETIC_DEMO
-59.9,80.2,157,1,4,0,0,1,0.0,6,1,35.1,EXCELLENT,3,88.6,SYNTHETIC_DEMO
-78.2,43.6,149,1,3,0,0,0,0.0,25,1,16.8,GOOD,2,77.9,SYNTHETIC_DEMO
-72.2,55.6,6,0,0,1,0,2,0.0,15,1,22.8,POOR,0,47.3,SYNTHETIC_DEMO
-79.8,40.4,36,1,3,0,0,1,0.0,21,0,15.2,GOOD,2,71.5,SYNTHETIC_DEMO
-65.9,68.2,1,0,4,0,1,5,0.0,10,1,29.1,GOOD,2,67.8,SYNTHETIC_DEMO
-51.6,96.8,1,0,3,0,0,7,0.0,10,1,43.4,GOOD,2,76.1,SYNTHETIC_DEMO
-78.8,42.4,11,0,3,0,0,0,0.0,18,0,16.2,GOOD,2,63.2,SYNTHETIC_DEMO
-57.9,84.2,149,1,3,0,0,0,0.0,13,1,37.1,EXCELLENT,3,84.3,SYNTHETIC_DEMO
-72.4,55.2,5,0,4,0,0,0,1.3,20,1,22.6,GOOD,2,73.5,SYNTHETIC_DEMO
-76.1,47.8,6,0,3,0,0,4,0.0,6,1,18.9,GOOD,2,62.8,SYNTHETIC_DEMO
-66.5,67.0,36,1,4,0,0,1,0.0,3,1,28.5,EXCELLENT,3,88.3,SYNTHETIC_DEMO
-79.5,41.0,36,1,2,0,0,1,0.0,3,0,15.5,FAIR,1,51.2,SYNTHETIC_DEMO
-72.8,54.4,161,1,3,0,0,2,0.0,16,1,22.2,EXCELLENT,3,78.6,SYNTHETIC_DEMO
-81.8,36.4,6,0,3,0,0,3,0.0,6,0,13.2,FAIR,1,59.5,SYNTHETIC_DEMO
-37.5,100.0,11,0,3,0,0,2,0.0,13,1,55.0,EXCELLENT,3,80.9,SYNTHETIC_DEMO
-64.5,71.0,4,0,2,0,0,3,1.2,20,0,30.5,FAIR,1,59.8,SYNTHETIC_DEMO
-74.8,50.4,149,1,0,1,0,0,0.0,18,1,20.2,POOR,0,55.9,SYNTHETIC_DEMO
-62.0,76.0,11,0,4,0,0,5,0.0,19,0,33.0,GOOD,2,75.4,SYNTHETIC_DEMO
-66.6,66.8,11,0,0,1,0,4,0.0,4,0,28.4,POOR,0,45.9,SYNTHETIC_DEMO
-68.1,63.8,161,1,4,0,0,1,0.0,6,1,26.9,EXCELLENT,3,81.0,SYNTHETIC_DEMO
-56.4,87.2,1,0,3,0,0,7,0.0,5,1,38.6,GOOD,2,68.9,SYNTHETIC_DEMO
-54.4,91.2,40,1,4,0,0,1,0.0,17,1,40.6,EXCELLENT,3,91.9,SYNTHETIC_DEMO
-72.4,55.2,44,1,3,0,0,0,0.0,4,0,22.6,EXCELLENT,3,82.5,SYNTHETIC_DEMO
-73.1,53.8,153,1,4,0,0,1,0.0,21,1,21.9,EXCELLENT,3,83.5,SYNTHETIC_DEMO
-68.9,62.2,11,0,4,0,1,6,0.0,11,1,26.1,GOOD,2,74.1,SYNTHETIC_DEMO
-97.2,5.6,11,0,0,1,0,3,0.0,12,0,0.0,POOR,0,22.0,SYNTHETIC_DEMO
-86.2,27.6,161,1,0,1,0,1,0.0,23,1,8.8,POOR,0,40.3,SYNTHETIC_DEMO
-45.9,100.0,40,1,3,0,0,1,0.0,21,1,49.1,EXCELLENT,3,92.4,SYNTHETIC_DEMO
-42.0,100.0,40,1,3,0,0,0,0.0,7,0,53.0,EXCELLENT,3,97.1,SYNTHETIC_DEMO
-68.5,63.0,6,0,4,0,1,6,0.0,16,1,26.5,GOOD,2,64.8,SYNTHETIC_DEMO
-56.9,86.2,40,1,3,0,0,1,0.0,12,1,38.1,EXCELLENT,3,88.3,SYNTHETIC_DEMO
-60.6,78.8,44,1,3,0,0,0,0.0,18,1,34.4,EXCELLENT,3,87.9,SYNTHETIC_DEMO
-32.0,100.0,161,1,2,0,0,1,0.0,8,1,55.0,GOOD,2,82.9,SYNTHETIC_DEMO
-49.3,100.0,157,1,4,0,0,0,0.0,10,1,45.7,EXCELLENT,3,98.0,SYNTHETIC_DEMO
-66.8,66.4,44,1,4,0,0,1,0.0,4,1,28.2,EXCELLENT,3,85.6,SYNTHETIC_DEMO
-78.4,43.2,11,0,3,0,0,1,0.0,20,1,16.6,GOOD,2,67.4,SYNTHETIC_DEMO
-87.5,25.0,5,0,3,0,1,1,2.9,23,1,7.5,POOR,0,54.2,SYNTHETIC_DEMO
-62.2,75.6,11,0,0,1,0,9,0.0,23,1,32.8,POOR,0,39.5,SYNTHETIC_DEMO
-75.6,48.8,1,0,3,0,0,6,0.0,23,1,19.4,GOOD,2,64.2,SYNTHETIC_DEMO
-84.9,30.2,6,0,3,0,0,4,0.0,22,1,10.1,POOR,0,54.2,SYNTHETIC_DEMO
-74.1,51.8,11,0,2,0,0,2,0.0,10,1,20.9,FAIR,1,57.6,SYNTHETIC_DEMO
-80.1,39.8,11,0,3,0,0,3,0.0,7,1,14.9,FAIR,1,59.9,SYNTHETIC_DEMO
-41.4,100.0,1,0,3,0,0,4,0.0,19,1,53.6,EXCELLENT,3,81.8,SYNTHETIC_DEMO
-52.7,94.6,1,0,3,0,0,4,0.0,18,0,42.3,GOOD,2,75.7,SYNTHETIC_DEMO
-65.1,69.8,36,1,3,0,0,0,0.0,7,1,29.9,EXCELLENT,3,85.1,SYNTHETIC_DEMO
-44.3,100.0,40,1,0,1,0,0,0.0,19,1,50.7,FAIR,1,73.3,SYNTHETIC_DEMO
-63.9,72.2,1,0,3,0,0,4,0.0,6,0,31.1,FAIR,1,61.9,SYNTHETIC_DEMO
-77.1,45.8,161,1,3,0,0,0,0.0,3,0,17.9,GOOD,2,75.5,SYNTHETIC_DEMO
-43.7,100.0,6,0,3,0,0,4,0.0,24,1,51.3,EXCELLENT,3,79.8,SYNTHETIC_DEMO
-57.5,85.0,2,0,0,1,0,5,3.3,8,0,37.5,POOR,0,43.2,SYNTHETIC_DEMO
-79.5,41.0,9,0,3,0,0,2,1.9,3,1,15.5,FAIR,1,59.4,SYNTHETIC_DEMO
-67.7,64.6,6,0,4,0,0,4,0.0,6,1,27.3,GOOD,2,77.4,SYNTHETIC_DEMO
-77.3,45.4,36,1,3,0,1,0,0.0,4,1,17.7,GOOD,2,75.6,SYNTHETIC_DEMO
-84.4,31.2,149,1,3,0,0,1,0.0,15,1,10.6,POOR,0,70.4,SYNTHETIC_DEMO
-52.0,96.0,6,0,2,0,0,4,0.0,16,1,43.0,GOOD,2,72.2,SYNTHETIC_DEMO
-38.3,100.0,6,0,3,0,0,4,0.0,19,1,55.0,EXCELLENT,3,79.0,SYNTHETIC_DEMO
-84.6,30.8,11,0,2,0,0,3,0.0,13,1,10.4,POOR,0,47.3,SYNTHETIC_DEMO
-57.1,85.8,6,0,3,0,0,5,0.0,5,1,37.9,GOOD,2,76.3,SYNTHETIC_DEMO
-74.1,51.8,1,0,3,0,0,3,0.0,9,1,20.9,GOOD,2,64.2,SYNTHETIC_DEMO
-71.8,56.4,1,0,3,0,0,2,0.0,12,1,23.2,GOOD,2,74.7,SYNTHETIC_DEMO
-73.3,53.4,153,1,3,0,0,0,0.0,13,1,21.7,GOOD,2,77.7,SYNTHETIC_DEMO
-77.1,45.8,153,1,3,0,0,1,0.0,12,0,17.9,GOOD,2,73.3,SYNTHETIC_DEMO
-64.3,71.4,1,0,3,0,0,2,0.0,10,1,30.7,EXCELLENT,3,81.9,SYNTHETIC_DEMO
-76.6,46.8,161,1,0,1,0,2,0.0,7,1,18.4,POOR,0,44.9,SYNTHETIC_DEMO
-61.2,77.6,6,0,0,1,0,5,0.0,25,1,33.8,POOR,0,46.4,SYNTHETIC_DEMO
-65.7,68.6,6,0,4,0,0,0,0.0,4,1,29.3,EXCELLENT,3,87.2,SYNTHETIC_DEMO
-68.3,63.4,3,0,0,1,0,2,2.8,17,1,26.7,POOR,0,46.4,SYNTHETIC_DEMO
-77.7,44.6,13,0,3,0,0,2,1.8,18,1,17.3,GOOD,2,62.5,SYNTHETIC_DEMO
-73.1,53.8,48,1,4,0,0,0,0.0,6,1,21.9,EXCELLENT,3,82.3,SYNTHETIC_DEMO
-54.4,91.2,11,0,3,0,0,1,0.0,24,1,40.6,EXCELLENT,3,84.0,SYNTHETIC_DEMO
-58.0,84.0,6,0,3,0,0,2,0.0,18,1,37.0,EXCELLENT,3,84.3,SYNTHETIC_DEMO
-78.7,42.6,6,0,3,0,0,2,0.0,14,1,16.3,GOOD,2,64.7,SYNTHETIC_DEMO
-63.6,72.8,6,0,4,0,0,7,0.0,16,0,31.4,GOOD,2,68.3,SYNTHETIC_DEMO
-54.5,91.0,36,1,4,0,0,1,0.0,14,1,40.5,EXCELLENT,3,93.4,SYNTHETIC_DEMO
-88.4,23.2,11,0,3,0,0,3,0.0,23,1,6.6,POOR,0,58.6,SYNTHETIC_DEMO
-57.4,85.2,6,0,0,1,1,1,0.0,18,1,37.6,FAIR,1,55.1,SYNTHETIC_DEMO
-74.3,51.4,1,0,3,0,0,4,0.0,18,0,20.7,FAIR,1,59.2,SYNTHETIC_DEMO
-57.0,86.0,11,0,3,0,0,2,0.0,24,1,38.0,GOOD,2,77.8,SYNTHETIC_DEMO
-75.7,48.6,1,0,3,0,0,3,0.0,14,1,19.3,FAIR,1,59.4,SYNTHETIC_DEMO
-90.3,19.4,149,1,0,1,0,1,0.0,4,1,4.7,POOR,0,37.1,SYNTHETIC_DEMO
-87.8,24.4,11,0,2,0,0,3,0.0,25,1,7.2,POOR,0,49.3,SYNTHETIC_DEMO
-64.3,71.4,40,1,3,0,0,0,0.0,16,0,30.7,EXCELLENT,3,87.0,SYNTHETIC_DEMO
-61.4,77.2,153,1,3,0,0,0,0.0,13,0,33.6,EXCELLENT,3,87.1,SYNTHETIC_DEMO
-77.7,44.6,153,1,3,0,0,2,0.0,11,1,17.3,GOOD,2,72.9,SYNTHETIC_DEMO
-56.1,87.8,6,0,3,0,0,6,0.0,24,1,38.9,GOOD,2,72.2,SYNTHETIC_DEMO
-88.3,23.4,11,0,4,0,0,5,0.0,9,1,6.7,POOR,0,59.5,SYNTHETIC_DEMO
-65.9,68.2,11,0,3,0,0,1,0.0,14,1,29.1,GOOD,2,77.5,SYNTHETIC_DEMO
-82.0,36.0,44,1,3,0,0,2,0.0,19,0,13.0,GOOD,2,71.6,SYNTHETIC_DEMO
-74.1,51.8,1,0,0,1,0,1,0.0,11,1,20.9,POOR,0,45.6,SYNTHETIC_DEMO
-64.3,71.4,1,0,3,0,0,3,0.0,8,1,30.7,GOOD,2,77.4,SYNTHETIC_DEMO
-77.0,46.0,6,0,4,0,0,4,0.0,14,1,18.0,GOOD,2,69.9,SYNTHETIC_DEMO
-70.4,59.2,11,0,3,0,0,4,0.0,22,1,24.6,GOOD,2,69.1,SYNTHETIC_DEMO
-50.9,98.2,11,0,3,0,0,5,0.0,12,0,44.1,GOOD,2,70.3,SYNTHETIC_DEMO
-73.1,53.8,1,0,3,0,0,3,0.0,11,1,21.9,GOOD,2,70.0,SYNTHETIC_DEMO
-53.3,93.4,161,1,3,0,0,1,0.0,14,1,41.7,EXCELLENT,3,90.1,SYNTHETIC_DEMO
-80.8,38.4,10,0,4,0,0,1,1.3,3,1,14.2,GOOD,2,68.0,SYNTHETIC_DEMO
-57.6,84.8,1,0,3,0,0,4,0.0,4,1,37.4,GOOD,2,71.4,SYNTHETIC_DEMO
-44.8,100.0,6,0,0,1,0,5,0.0,21,0,50.2,POOR,0,52.0,SYNTHETIC_DEMO
-98.0,4.0,6,0,1,0,0,2,0.0,3,0,0.0,POOR,0,30.1,SYNTHETIC_DEMO
-76.2,47.6,6,0,3,0,0,4,0.0,18,0,18.8,FAIR,1,57.0,SYNTHETIC_DEMO
-56.9,86.2,153,1,4,0,0,0,0.0,18,1,38.1,EXCELLENT,3,90.8,SYNTHETIC_DEMO
-67.8,64.4,1,0,3,0,0,3,0.0,20,1,27.2,GOOD,2,72.4,SYNTHETIC_DEMO
-59.8,80.4,44,1,4,0,0,1,0.0,20,1,35.2,EXCELLENT,3,93.6,SYNTHETIC_DEMO
-73.5,53.0,6,0,3,0,0,3,0.0,25,1,21.5,GOOD,2,67.5,SYNTHETIC_DEMO
-63.8,72.4,6,0,3,0,0,2,0.0,15,1,31.2,EXCELLENT,3,79.4,SYNTHETIC_DEMO
-67.2,65.6,40,1,0,1,0,1,0.0,24,1,27.8,POOR,0,55.5,SYNTHETIC_DEMO
-48.7,100.0,11,0,0,1,0,2,0.0,14,1,46.3,FAIR,1,60.4,SYNTHETIC_DEMO
-61.4,77.2,11,0,3,0,0,1,0.0,11,1,33.6,GOOD,2,77.1,SYNTHETIC_DEMO
-60.3,79.4,1,0,2,0,0,2,0.0,7,1,34.7,GOOD,2,63.7,SYNTHETIC_DEMO
-70.8,58.4,6,0,3,0,0,2,0.0,11,0,24.2,GOOD,2,74.6,SYNTHETIC_DEMO
-71.8,56.4,44,1,3,0,0,1,0.0,15,0,23.2,EXCELLENT,3,78.9,SYNTHETIC_DEMO
-71.1,57.8,1,0,3,0,0,4,0.0,18,1,23.9,GOOD,2,62.3,SYNTHETIC_DEMO
-59.5,81.0,157,1,0,1,0,1,0.0,12,1,35.5,FAIR,1,61.6,SYNTHETIC_DEMO
-70.9,58.2,48,1,3,0,0,0,0.0,18,0,24.1,EXCELLENT,3,78.1,SYNTHETIC_DEMO
-60.9,78.2,4,0,3,0,0,4,3.0,16,1,34.1,GOOD,2,68.2,SYNTHETIC_DEMO
-35.9,100.0,157,1,3,0,0,0,0.0,4,1,55.0,EXCELLENT,3,93.8,SYNTHETIC_DEMO
-52.8,94.4,6,0,4,0,0,5,0.0,21,1,42.2,EXCELLENT,3,83.2,SYNTHETIC_DEMO
-69.6,60.8,48,1,2,0,0,1,0.0,13,1,25.4,GOOD,2,71.5,SYNTHETIC_DEMO
-48.2,100.0,6,0,4,0,0,1,0.0,21,1,46.8,EXCELLENT,3,94.0,SYNTHETIC_DEMO
-70.7,58.6,149,1,3,0,0,1,0.0,13,0,24.3,GOOD,2,75.9,SYNTHETIC_DEMO
-93.5,13.0,6,0,3,0,0,4,0.0,16,1,1.5,POOR,0,50.3,SYNTHETIC_DEMO
-79.1,41.8,1,0,3,0,0,1,0.0,17,1,15.9,GOOD,2,70.2,SYNTHETIC_DEMO
-91.2,17.6,11,0,3,0,0,2,0.0,9,1,3.8,POOR,0,58.2,SYNTHETIC_DEMO
-69.9,60.2,149,1,1,0,0,0,0.0,17,1,25.1,POOR,0,61.3,SYNTHETIC_DEMO
-64.7,70.6,6,0,3,0,0,2,0.0,25,1,30.3,GOOD,2,75.2,SYNTHETIC_DEMO
-41.5,100.0,5,0,3,0,0,6,2.6,10,1,53.5,GOOD,2,73.9,SYNTHETIC_DEMO
-60.4,79.2,161,1,3,0,0,0,0.0,6,1,34.6,EXCELLENT,3,86.3,SYNTHETIC_DEMO
-68.1,63.8,157,1,3,0,0,0,0.0,20,1,26.9,EXCELLENT,3,84.8,SYNTHETIC_DEMO
-53.4,93.2,40,1,4,0,0,2,0.0,16,1,41.6,EXCELLENT,3,90.0,SYNTHETIC_DEMO
-96.0,8.0,157,1,3,0,0,1,0.0,23,1,0.0,POOR,0,59.4,SYNTHETIC_DEMO
-61.7,76.6,149,1,0,1,0,3,0.0,20,1,33.3,POOR,0,57.0,SYNTHETIC_DEMO
-54.2,91.6,44,1,3,0,0,0,0.0,6,1,40.8,EXCELLENT,3,88.7,SYNTHETIC_DEMO
-85.7,28.6,11,0,3,0,0,3,0.0,4,1,9.3,POOR,0,53.7,SYNTHETIC_DEMO
-49.0,100.0,6,0,3,0,0,2,0.0,23,1,46.0,EXCELLENT,3,85.8,SYNTHETIC_DEMO
-60.3,79.4,157,1,3,0,0,0,0.0,8,0,34.7,EXCELLENT,3,80.7,SYNTHETIC_DEMO
-70.8,58.4,6,0,4,0,0,5,0.0,13,0,24.2,GOOD,2,63.5,SYNTHETIC_DEMO
-56.1,87.8,6,0,3,0,0,0,0.0,3,1,38.9,EXCELLENT,3,88.0,SYNTHETIC_DEMO
-33.2,100.0,7,0,3,0,0,5,2.0,17,1,55.0,GOOD,2,75.4,SYNTHETIC_DEMO
-62.5,75.0,157,1,4,0,0,0,0.0,14,1,32.5,EXCELLENT,3,95.1,SYNTHETIC_DEMO
-61.5,77.0,1,0,4,0,0,3,0.0,20,1,33.5,GOOD,2,76.7,SYNTHETIC_DEMO
-71.4,57.2,6,0,3,0,0,5,0.0,7,1,23.6,GOOD,2,63.7,SYNTHETIC_DEMO
-76.9,46.2,10,0,4,0,0,0,2.2,13,1,18.1,GOOD,2,74.1,SYNTHETIC_DEMO
-53.4,93.2,6,0,0,1,0,3,0.0,23,1,41.6,POOR,0,52.5,SYNTHETIC_DEMO
-77.0,46.0,1,0,4,0,1,1,0.0,21,1,18.0,GOOD,2,74.0,SYNTHETIC_DEMO
-64.0,72.0,6,0,3,0,0,2,0.0,24,1,31.0,GOOD,2,77.3,SYNTHETIC_DEMO
-71.7,56.6,6,0,2,0,0,3,0.0,3,1,23.3,FAIR,1,53.4,SYNTHETIC_DEMO
-58.3,83.4,149,1,3,0,0,3,0.0,19,1,36.7,EXCELLENT,3,82.5,SYNTHETIC_DEMO
-60.3,79.4,11,0,3,0,0,1,0.0,10,1,34.7,EXCELLENT,3,81.7,SYNTHETIC_DEMO
-50.5,99.0,149,1,3,0,0,0,0.0,25,1,44.5,EXCELLENT,3,92.9,SYNTHETIC_DEMO
-72.1,55.8,40,1,3,0,1,0,0.0,18,0,22.9,GOOD,2,70.1,SYNTHETIC_DEMO
-68.8,62.4,6,0,1,0,0,5,0.0,13,1,26.2,POOR,0,46.7,SYNTHETIC_DEMO
-78.7,42.6,157,1,3,0,0,1,0.0,21,0,16.3,GOOD,2,77.3,SYNTHETIC_DEMO
-71.2,57.6,1,0,3,0,0,2,0.0,13,1,23.8,GOOD,2,69.6,SYNTHETIC_DEMO
-59.7,80.6,153,1,3,0,0,0,0.0,17,1,35.3,EXCELLENT,3,92.9,SYNTHETIC_DEMO
-54.4,91.2,6,0,3,0,0,5,0.0,10,1,40.6,GOOD,2,73.7,SYNTHETIC_DEMO
-77.9,44.2,161,1,3,0,0,1,0.0,16,1,17.1,GOOD,2,73.9,SYNTHETIC_DEMO
-52.8,94.4,11,0,4,0,0,3,0.0,3,1,42.2,EXCELLENT,3,88.8,SYNTHETIC_DEMO
-46.0,100.0,6,0,3,0,0,1,0.0,12,0,49.0,EXCELLENT,3,85.8,SYNTHETIC_DEMO
-59.2,81.6,11,0,3,0,0,2,0.0,9,1,35.8,EXCELLENT,3,78.3,SYNTHETIC_DEMO
-38.7,100.0,44,1,3,0,0,1,0.0,20,1,55.0,EXCELLENT,3,95.0,SYNTHETIC_DEMO
-75.8,48.4,36,1,2,0,0,0,0.0,14,1,19.2,GOOD,2,72.6,SYNTHETIC_DEMO
-82.4,35.2,8,0,1,0,0,2,2.5,4,0,12.6,POOR,0,38.1,SYNTHETIC_DEMO
-89.9,20.2,11,0,3,0,0,2,0.0,20,1,5.1,POOR,0,56.1,SYNTHETIC_DEMO
-44.1,100.0,9,0,4,0,0,3,1.1,23,1,50.9,EXCELLENT,3,86.2,SYNTHETIC_DEMO
-55.8,88.4,44,1,3,0,0,0,0.0,9,1,39.2,EXCELLENT,3,98.5,SYNTHETIC_DEMO
-65.8,68.4,6,0,0,1,0,3,0.0,22,1,29.2,POOR,0,47.7,SYNTHETIC_DEMO
-61.1,77.8,149,1,1,0,0,1,0.0,14,1,33.9,POOR,0,63.2,SYNTHETIC_DEMO
-80.8,38.4,6,0,4,0,0,2,0.0,22,1,14.2,GOOD,2,65.6,SYNTHETIC_DEMO
-32.0,100.0,6,0,3,0,0,5,0.0,16,1,55.0,GOOD,2,73.5,SYNTHETIC_DEMO
-63.2,73.6,6,0,3,0,0,3,0.0,12,1,31.8,GOOD,2,75.3,SYNTHETIC_DEMO
-63.5,73.0,1,0,3,0,0,2,0.0,11,1,31.5,EXCELLENT,3,78.1,SYNTHETIC_DEMO
-54.8,90.4,6,0,3,0,0,1,0.0,25,0,40.2,EXCELLENT,3,81.2,SYNTHETIC_DEMO
-58.3,83.4,1,0,3,0,0,5,0.0,17,1,36.7,GOOD,2,73.1,SYNTHETIC_DEMO
-61.9,76.2,48,1,3,0,1,0,0.0,22,1,33.1,EXCELLENT,3,80.2,SYNTHETIC_DEMO
-76.1,47.8,1,0,4,0,0,2,0.0,12,1,18.9,GOOD,2,72.7,SYNTHETIC_DEMO
-58.4,83.2,1,0,3,0,0,5,0.0,21,1,36.6,GOOD,2,74.6,SYNTHETIC_DEMO
-38.7,100.0,6,0,3,0,0,2,0.0,21,1,55.0,EXCELLENT,3,84.0,SYNTHETIC_DEMO
-46.2,100.0,6,0,0,1,0,3,0.0,14,1,48.8,POOR,0,63.5,SYNTHETIC_DEMO
-42.7,100.0,3,0,3,0,0,0,1.3,25,1,52.3,EXCELLENT,3,85.5,SYNTHETIC_DEMO
-72.2,55.6,6,0,3,0,0,0,0.0,14,0,22.8,GOOD,2,73.3,SYNTHETIC_DEMO
-78.9,42.2,6,0,3,0,0,1,0.0,11,1,16.1,GOOD,2,70.1,SYNTHETIC_DEMO
-66.8,66.4,11,0,0,1,0,4,0.0,22,0,28.2,POOR,0,42.2,SYNTHETIC_DEMO
-64.2,71.6,6,0,3,0,1,6,0.0,6,1,30.8,GOOD,2,63.3,SYNTHETIC_DEMO
-49.7,100.0,1,0,3,0,0,3,0.0,3,1,45.3,EXCELLENT,3,79.1,SYNTHETIC_DEMO
-88.7,22.6,6,0,3,0,0,1,0.0,18,1,6.3,POOR,0,64.8,SYNTHETIC_DEMO
-43.6,100.0,4,0,4,0,0,0,1.6,3,1,51.4,EXCELLENT,3,92.1,SYNTHETIC_DEMO
-67.2,65.6,36,1,3,0,0,1,0.0,15,1,27.8,EXCELLENT,3,82.4,SYNTHETIC_DEMO
-71.0,58.0,1,0,3,0,0,0,0.0,5,1,24.0,GOOD,2,77.3,SYNTHETIC_DEMO
-79.2,41.6,153,1,3,0,0,1,0.0,14,1,15.8,GOOD,2,70.5,SYNTHETIC_DEMO
-88.2,23.6,1,0,3,0,0,3,0.0,25,1,6.8,POOR,0,56.1,SYNTHETIC_DEMO
-53.5,93.0,44,1,4,0,0,2,0.0,11,1,41.5,EXCELLENT,3,97.2,SYNTHETIC_DEMO
-64.0,72.0,157,1,3,0,0,0,0.0,6,1,31.0,EXCELLENT,3,81.8,SYNTHETIC_DEMO
-83.1,33.8,1,0,3,0,0,0,0.0,4,1,11.9,POOR,0,73.2,SYNTHETIC_DEMO
-83.1,33.8,40,1,3,0,0,1,0.0,24,1,11.9,POOR,0,67.4,SYNTHETIC_DEMO
-69.7,60.6,11,0,3,0,0,2,0.0,24,0,25.3,GOOD,2,66.3,SYNTHETIC_DEMO
-41.6,100.0,6,0,3,0,0,2,0.0,11,1,53.4,EXCELLENT,3,86.0,SYNTHETIC_DEMO
-68.6,62.8,48,1,3,0,0,1,0.0,22,1,26.4,EXCELLENT,3,86.4,SYNTHETIC_DEMO
-86.0,28.0,149,1,4,0,0,3,0.0,15,1,9.0,POOR,0,62.5,SYNTHETIC_DEMO
-68.4,63.2,6,0,4,0,0,3,0.0,16,0,26.6,GOOD,2,73.1,SYNTHETIC_DEMO
-68.8,62.4,11,0,3,0,0,1,0.0,5,1,26.2,GOOD,2,76.1,SYNTHETIC_DEMO
-98.0,4.0,11,0,3,0,0,3,0.0,20,1,0.0,POOR,0,49.9,SYNTHETIC_DEMO
-65.8,68.4,11,0,4,0,0,6,0.0,11,1,29.2,GOOD,2,71.9,SYNTHETIC_DEMO
-68.2,63.6,40,1,0,1,0,0,0.0,17,1,26.8,POOR,0,55.1,SYNTHETIC_DEMO
-55.3,89.4,8,0,3,0,0,5,1.1,24,1,39.7,GOOD,2,71.8,SYNTHETIC_DEMO
-39.1,100.0,1,0,3,0,0,2,0.0,12,0,55.0,EXCELLENT,3,83.2,SYNTHETIC_DEMO
-49.2,100.0,3,0,4,0,0,1,2.4,19,1,45.8,EXCELLENT,3,85.8,SYNTHETIC_DEMO
-68.8,62.4,10,0,4,0,0,4,3.1,15,0,26.2,GOOD,2,66.3,SYNTHETIC_DEMO
-80.5,39.0,1,0,3,0,0,7,0.0,3,1,14.5,FAIR,1,52.1,SYNTHETIC_DEMO
-32.0,100.0,11,0,0,1,0,2,0.0,13,0,55.0,FAIR,1,57.2,SYNTHETIC_DEMO
-64.2,71.6,40,1,3,0,0,0,0.0,7,0,30.8,EXCELLENT,3,84.0,SYNTHETIC_DEMO
-64.8,70.4,48,1,3,0,0,0,0.0,11,1,30.2,EXCELLENT,3,79.2,SYNTHETIC_DEMO
-65.3,69.4,6,0,3,0,0,0,0.0,9,1,29.7,EXCELLENT,3,78.6,SYNTHETIC_DEMO
-62.2,75.6,153,1,3,0,0,0,0.0,9,1,32.8,EXCELLENT,3,93.4,SYNTHETIC_DEMO
-67.0,66.0,149,1,0,1,0,2,0.0,4,1,28.0,POOR,0,50.4,SYNTHETIC_DEMO
-73.0,54.0,36,1,4,0,0,4,0.0,21,1,22.0,EXCELLENT,3,79.0,SYNTHETIC_DEMO
-72.7,54.6,6,0,3,0,0,2,0.0,22,1,22.3,GOOD,2,69.9,SYNTHETIC_DEMO
-65.5,69.0,11,0,3,0,0,3,0.0,20,1,29.5,GOOD,2,70.7,SYNTHETIC_DEMO
-72.6,54.8,9,0,0,1,0,1,3.5,12,1,22.4,POOR,0,37.8,SYNTHETIC_DEMO
-75.0,50.0,1,0,3,0,0,2,0.0,7,0,20.0,GOOD,2,66.5,SYNTHETIC_DEMO
-63.5,73.0,12,0,0,1,0,2,1.7,18,1,31.5,POOR,0,53.0,SYNTHETIC_DEMO
-68.6,62.8,1,0,4,0,0,1,0.0,25,1,26.4,EXCELLENT,3,78.6,SYNTHETIC_DEMO
-43.9,100.0,11,0,4,0,0,7,0.0,7,1,51.1,EXCELLENT,3,79.4,SYNTHETIC_DEMO
-98.0,4.0,153,1,3,0,0,0,0.0,17,1,0.0,POOR,0,64.4,SYNTHETIC_DEMO
-49.7,100.0,1,0,3,0,0,8,0.0,24,1,45.3,GOOD,2,73.4,SYNTHETIC_DEMO
-47.6,100.0,6,0,4,0,0,3,0.0,18,1,47.4,EXCELLENT,3,83.7,SYNTHETIC_DEMO
-94.0,12.0,149,1,3,0,0,1,0.0,6,1,1.0,POOR,0,62.3,SYNTHETIC_DEMO
-69.8,60.4,149,1,2,0,0,1,0.0,16,1,25.2,GOOD,2,73.5,SYNTHETIC_DEMO
-70.2,59.6,40,1,3,0,0,0,0.0,19,1,24.8,EXCELLENT,3,80.7,SYNTHETIC_DEMO
-84.7,30.6,153,1,4,0,0,1,0.0,19,1,10.3,POOR,0,65.3,SYNTHETIC_DEMO
-75.9,48.2,4,0,0,1,0,3,1.1,23,1,19.1,POOR,0,39.8,SYNTHETIC_DEMO
-80.5,39.0,48,1,3,0,0,2,0.0,18,1,14.5,GOOD,2,68.7,SYNTHETIC_DEMO
-40.5,100.0,1,0,4,0,0,1,0.0,11,1,54.5,EXCELLENT,3,87.3,SYNTHETIC_DEMO
-51.9,96.2,6,0,2,0,0,5,0.0,4,1,43.1,GOOD,2,62.6,SYNTHETIC_DEMO
-47.2,100.0,1,0,0,1,0,4,0.0,13,0,47.8,POOR,0,57.1,SYNTHETIC_DEMO
-54.9,90.2,11,0,3,0,0,9,0.0,17,1,40.1,GOOD,2,64.6,SYNTHETIC_DEMO
-80.8,38.4,11,0,4,0,0,2,0.0,5,1,14.2,GOOD,2,66.3,SYNTHETIC_DEMO
-72.3,55.4,6,0,3,0,1,2,0.0,18,1,22.7,GOOD,2,66.9,SYNTHETIC_DEMO
-58.1,83.8,161,1,4,0,0,0,0.0,23,1,36.9,EXCELLENT,3,92.4,SYNTHETIC_DEMO
-82.1,35.8,11,0,3,0,0,2,0.0,21,1,12.9,POOR,0,63.4,SYNTHETIC_DEMO
-55.0,90.0,6,0,0,1,0,4,0.0,24,1,40.0,POOR,0,52.1,SYNTHETIC_DEMO
-68.4,63.2,149,1,4,0,0,0,0.0,8,1,26.6,EXCELLENT,3,83.5,SYNTHETIC_DEMO
-70.2,59.6,11,0,3,0,0,2,0.0,16,1,24.8,GOOD,2,69.9,SYNTHETIC_DEMO
-55.0,90.0,11,0,3,0,0,2,0.0,7,1,40.0,EXCELLENT,3,83.4,SYNTHETIC_DEMO
-58.8,82.4,157,1,3,0,0,0,0.0,7,0,36.2,EXCELLENT,3,87.0,SYNTHETIC_DEMO
-70.1,59.8,6,0,3,0,0,1,0.0,8,1,24.9,GOOD,2,73.5,SYNTHETIC_DEMO
-48.8,100.0,9,0,0,1,0,1,1.4,20,1,46.2,FAIR,1,66.5,SYNTHETIC_DEMO
-80.1,39.8,161,1,0,1,0,0,0.0,24,1,14.9,POOR,0,51.1,SYNTHETIC_DEMO
-56.4,87.2,11,0,3,0,0,4,0.0,20,0,38.6,GOOD,2,77.3,SYNTHETIC_DEMO
-56.7,86.6,1,0,4,0,0,7,0.0,21,1,38.3,GOOD,2,74.4,SYNTHETIC_DEMO
-69.3,61.4,44,1,3,0,0,1,0.0,4,1,25.7,EXCELLENT,3,80.0,SYNTHETIC_DEMO
-60.4,79.2,149,1,4,0,0,1,0.0,19,1,34.6,EXCELLENT,3,89.2,SYNTHETIC_DEMO
-82.5,35.0,1,0,3,0,0,5,0.0,3,1,12.5,POOR,0,58.6,SYNTHETIC_DEMO
-52.1,95.8,1,0,3,0,0,4,0.0,11,1,42.9,EXCELLENT,3,79.4,SYNTHETIC_DEMO
-67.6,64.8,11,0,2,0,0,5,0.0,15,1,27.4,FAIR,1,57.3,SYNTHETIC_DEMO
-72.3,55.4,11,0,2,0,0,4,0.0,6,1,22.7,FAIR,1,56.1,SYNTHETIC_DEMO
-50.3,99.4,6,0,3,0,0,3,0.0,7,0,44.7,EXCELLENT,3,81.1,SYNTHETIC_DEMO
-74.9,50.2,1,0,3,0,0,4,0.0,25,1,20.1,GOOD,2,72.6,SYNTHETIC_DEMO
-84.7,30.6,153,1,4,0,0,1,0.0,20,1,10.3,POOR,0,71.5,SYNTHETIC_DEMO
-86.8,26.4,1,0,4,0,0,4,0.0,12,1,8.2,POOR,0,58.4,SYNTHETIC_DEMO
-56.5,87.0,6,0,3,0,0,6,0.0,6,1,38.5,GOOD,2,74.3,SYNTHETIC_DEMO
-82.9,34.2,1,0,4,0,0,2,0.0,15,1,12.1,POOR,0,65.8,SYNTHETIC_DEMO
-40.4,100.0,36,1,3,0,0,1,0.0,15,1,54.6,EXCELLENT,3,91.9,SYNTHETIC_DEMO
-94.1,11.8,1,0,0,1,0,0,0.0,19,0,0.9,POOR,0,28.9,SYNTHETIC_DEMO
-41.2,100.0,6,0,4,0,0,3,0.0,10,1,53.8,EXCELLENT,3,89.9,SYNTHETIC_DEMO
-62.0,76.0,161,1,3,0,0,0,0.0,6,1,33.0,EXCELLENT,3,88.1,SYNTHETIC_DEMO
-66.4,67.2,6,0,2,0,0,4,0.0,25,1,28.6,FAIR,1,58.8,SYNTHETIC_DEMO
-72.6,54.8,6,0,3,0,0,2,0.0,5,1,22.4,GOOD,2,71.9,SYNTHETIC_DEMO
-59.4,81.2,6,0,3,0,0,3,0.0,13,0,35.6,GOOD,2,69.2,SYNTHETIC_DEMO
-65.5,69.0,6,0,3,0,0,4,0.0,14,1,29.5,GOOD,2,68.2,SYNTHETIC_DEMO
-49.6,100.0,11,0,3,0,0,5,0.0,11,0,45.4,GOOD,2,76.5,SYNTHETIC_DEMO
-63.4,73.2,1,0,4,0,0,2,0.0,17,1,31.6,GOOD,2,77.7,SYNTHETIC_DEMO
-62.9,74.2,6,0,0,1,0,4,0.0,15,1,32.1,POOR,0,41.9,SYNTHETIC_DEMO
-70.1,59.8,1,0,3,0,0,5,0.0,7,0,24.9,GOOD,2,62.0,SYNTHETIC_DEMO
-65.8,68.4,153,1,3,0,0,3,0.0,7,1,29.2,EXCELLENT,3,79.4,SYNTHETIC_DEMO
-60.7,78.6,157,1,3,0,0,0,0.0,21,1,34.3,EXCELLENT,3,91.4,SYNTHETIC_DEMO
-88.9,22.2,149,1,3,0,0,1,0.0,13,0,6.1,POOR,0,61.9,SYNTHETIC_DEMO
-83.9,32.2,161,1,3,0,0,0,0.0,11,1,11.1,POOR,0,73.5,SYNTHETIC_DEMO
-54.6,90.8,6,0,4,0,0,5,0.0,5,1,40.4,EXCELLENT,3,82.7,SYNTHETIC_DEMO
-62.6,74.8,48,1,4,0,1,2,0.0,20,1,32.4,EXCELLENT,3,87.4,SYNTHETIC_DEMO
-67.6,64.8,1,0,4,0,0,0,0.0,15,1,27.4,EXCELLENT,3,81.6,SYNTHETIC_DEMO
-64.7,70.6,40,1,4,0,0,0,0.0,14,1,30.3,EXCELLENT,3,84.3,SYNTHETIC_DEMO
-60.1,79.8,153,1,3,0,0,0,0.0,11,0,34.9,EXCELLENT,3,86.1,SYNTHETIC_DEMO
-72.6,54.8,157,1,4,0,0,2,0.0,12,1,22.4,GOOD,2,76.7,SYNTHETIC_DEMO
-75.9,48.2,40,1,3,0,0,0,0.0,15,1,19.1,GOOD,2,74.7,SYNTHETIC_DEMO
-62.3,75.4,11,0,3,0,1,2,0.0,22,0,32.7,GOOD,2,71.1,SYNTHETIC_DEMO
-78.7,42.6,1,0,3,0,0,2,0.0,22,1,16.3,GOOD,2,64.5,SYNTHETIC_DEMO
-59.3,81.4,8,0,3,0,0,5,2.0,15,1,35.7,GOOD,2,69.9,SYNTHETIC_DEMO
-88.8,22.4,11,0,3,0,0,1,0.0,24,1,6.2,POOR,0,62.7,SYNTHETIC_DEMO
-50.6,98.8,1,0,4,0,0,3,0.0,11,0,44.4,EXCELLENT,3,84.9,SYNTHETIC_DEMO
-58.4,83.2,1,0,3,0,0,2,0.0,12,0,36.6,EXCELLENT,3,78.9,SYNTHETIC_DEMO
-61.4,77.2,40,1,0,1,0,0,0.0,21,1,33.6,POOR,0,62.1,SYNTHETIC_DEMO
-51.2,97.6,1,0,3,0,1,5,0.0,8,0,43.8,GOOD,2,76.0,SYNTHETIC_DEMO
-41.7,100.0,149,1,0,1,0,0,0.0,9,1,53.3,FAIR,1,69.4,SYNTHETIC_DEMO
-50.8,98.4,153,1,0,1,0,2,0.0,17,1,44.2,FAIR,1,64.8,SYNTHETIC_DEMO
-90.8,18.4,161,1,3,0,0,0,0.0,24,0,4.2,POOR,0,63.3,SYNTHETIC_DEMO
-82.9,34.2,48,1,3,0,0,1,0.0,21,1,12.1,POOR,0,69.3,SYNTHETIC_DEMO
-73.7,52.6,12,0,3,0,0,3,2.2,16,1,21.3,FAIR,1,61.2,SYNTHETIC_DEMO
-64.6,70.8,149,1,3,0,0,0,0.0,18,1,30.4,EXCELLENT,3,82.1,SYNTHETIC_DEMO
-57.8,84.4,153,1,3,0,0,0,0.0,16,1,37.2,EXCELLENT,3,91.9,SYNTHETIC_DEMO
-75.2,49.6,1,0,3,0,0,1,0.0,22,1,19.8,GOOD,2,66.9,SYNTHETIC_DEMO
-62.4,75.2,6,0,3,0,0,3,0.0,4,1,32.6,GOOD,2,73.8,SYNTHETIC_DEMO
-75.6,48.8,157,1,3,0,0,1,0.0,11,0,19.4,GOOD,2,75.9,SYNTHETIC_DEMO
-73.6,52.8,1,0,3,0,0,4,0.0,5,0,21.4,FAIR,1,61.6,SYNTHETIC_DEMO
-84.7,30.6,1,0,0,1,1,5,0.0,8,1,10.3,POOR,0,29.2,SYNTHETIC_DEMO
-77.9,44.2,161,1,0,1,0,0,0.0,7,1,17.1,POOR,0,48.7,SYNTHETIC_DEMO
-83.9,32.2,11,0,3,0,0,3,0.0,16,1,11.1,POOR,0,56.5,SYNTHETIC_DEMO
-78.7,42.6,6,0,3,0,0,0,0.0,17,1,16.3,GOOD,2,65.1,SYNTHETIC_DEMO
-50.2,99.6,153,1,1,0,0,1,0.0,20,1,44.8,POOR,0,76.6,SYNTHETIC_DEMO
-78.3,43.4,6,0,3,0,0,7,0.0,19,1,16.7,FAIR,1,51.4,SYNTHETIC_DEMO
-32.0,100.0,1,0,4,0,0,6,0.0,11,1,55.0,EXCELLENT,3,84.0,SYNTHETIC_DEMO
-58.1,83.8,6,0,4,0,0,2,0.0,21,1,36.9,EXCELLENT,3,81.9,SYNTHETIC_DEMO
-62.4,75.2,1,0,3,0,0,2,0.0,25,1,32.6,EXCELLENT,3,80.9,SYNTHETIC_DEMO
-77.0,46.0,153,1,3,0,0,0,0.0,11,1,18.0,EXCELLENT,3,82.7,SYNTHETIC_DEMO
-55.2,89.6,9,0,3,0,0,4,1.6,18,1,39.8,GOOD,2,70.1,SYNTHETIC_DEMO
-73.1,53.8,6,0,4,0,0,3,0.0,8,1,21.9,GOOD,2,69.0,SYNTHETIC_DEMO
-63.3,73.4,11,0,4,0,0,4,0.0,10,1,31.7,EXCELLENT,3,79.2,SYNTHETIC_DEMO
-32.0,100.0,6,0,3,0,0,1,0.0,5,1,55.0,EXCELLENT,3,89.3,SYNTHETIC_DEMO
-66.3,67.4,36,1,4,0,0,0,0.0,24,1,28.7,EXCELLENT,3,90.9,SYNTHETIC_DEMO
-48.9,100.0,157,1,2,0,0,1,0.0,7,1,46.1,GOOD,2,81.1,SYNTHETIC_DEMO
-74.8,50.4,1,0,3,0,1,4,0.0,9,1,20.2,GOOD,2,66.8,SYNTHETIC_DEMO
-65.5,69.0,1,0,3,0,0,4,0.0,25,1,29.5,GOOD,2,70.7,SYNTHETIC_DEMO
-40.2,100.0,11,0,3,0,0,4,0.0,3,1,54.8,GOOD,2,77.5,SYNTHETIC_DEMO
-73.8,52.4,11,0,4,0,0,3,0.0,24,1,21.2,GOOD,2,71.0,SYNTHETIC_DEMO
-39.6,100.0,149,1,0,1,0,4,0.0,23,0,55.0,POOR,0,55.6,SYNTHETIC_DEMO
-55.1,89.8,6,0,3,0,0,4,0.0,6,1,39.9,EXCELLENT,3,82.4,SYNTHETIC_DEMO
-72.9,54.2,5,0,4,0,0,3,3.1,18,1,22.1,GOOD,2,65.7,SYNTHETIC_DEMO
-56.1,87.8,1,0,4,0,1,6,0.0,16,0,38.9,GOOD,2,74.0,SYNTHETIC_DEMO
-51.4,97.2,48,1,2,0,0,0,0.0,3,1,43.6,GOOD,2,82.6,SYNTHETIC_DEMO
-56.3,87.4,48,1,3,0,0,2,0.0,6,1,38.7,EXCELLENT,3,84.3,SYNTHETIC_DEMO
-87.0,26.0,11,0,3,0,0,3,0.0,12,1,8.0,POOR,0,51.8,SYNTHETIC_DEMO
-75.2,49.6,157,1,2,0,0,1,0.0,13,1,19.8,GOOD,2,67.0,SYNTHETIC_DEMO
-68.5,63.0,1,0,4,0,0,3,0.0,9,1,26.5,EXCELLENT,3,79.3,SYNTHETIC_DEMO
-66.0,68.0,3,0,4,0,0,2,1.8,6,1,29.0,GOOD,2,74.0,SYNTHETIC_DEMO
-56.3,87.4,40,1,2,0,0,1,0.0,3,1,38.7,GOOD,2,73.8,SYNTHETIC_DEMO
-62.5,75.0,157,1,1,0,0,0,0.0,3,0,32.5,POOR,0,66.7,SYNTHETIC_DEMO
-83.7,32.6,40,1,0,1,0,1,0.0,19,1,11.3,POOR,0,39.3,SYNTHETIC_DEMO
-59.7,80.6,6,0,4,0,0,2,0.0,12,1,35.3,EXCELLENT,3,87.5,SYNTHETIC_DEMO
-56.5,87.0,10,0,2,0,0,2,2.4,7,1,38.5,GOOD,2,64.7,SYNTHETIC_DEMO
-57.2,85.6,44,1,3,0,0,2,0.0,9,1,37.8,EXCELLENT,3,82.3,SYNTHETIC_DEMO
-49.9,100.0,11,0,3,0,0,5,0.0,10,1,45.1,EXCELLENT,3,79.7,SYNTHETIC_DEMO
-53.3,93.4,6,0,3,0,0,2,0.0,4,1,41.7,EXCELLENT,3,80.2,SYNTHETIC_DEMO
-58.6,82.8,11,0,0,1,0,6,0.0,11,1,36.4,POOR,0,43.7,SYNTHETIC_DEMO
-66.0,68.0,36,1,3,0,0,2,0.0,6,1,29.0,EXCELLENT,3,80.5,SYNTHETIC_DEMO
-88.3,23.4,6,0,4,0,0,3,0.0,14,1,6.7,POOR,0,54.3,SYNTHETIC_DEMO
-59.0,82.0,11,0,4,0,0,3,0.0,13,1,36.0,EXCELLENT,3,87.0,SYNTHETIC_DEMO
-62.1,75.8,44,1,3,0,0,0,0.0,7,0,32.9,EXCELLENT,3,84.7,SYNTHETIC_DEMO
-61.2,77.6,2,0,0,1,0,5,2.2,14,1,33.8,POOR,0,39.0,SYNTHETIC_DEMO
-82.9,34.2,1,0,3,0,0,2,0.0,23,1,12.1,POOR,0,59.5,SYNTHETIC_DEMO
-80.1,39.8,11,0,3,0,0,3,0.0,6,1,14.9,GOOD,2,65.3,SYNTHETIC_DEMO
-50.3,99.4,1,0,3,0,0,3,0.0,15,0,44.7,EXCELLENT,3,83.0,SYNTHETIC_DEMO
-65.6,68.8,6,0,4,0,1,4,0.0,24,0,29.4,GOOD,2,74.4,SYNTHETIC_DEMO
-55.5,89.0,6,0,3,0,0,2,0.0,3,1,39.5,EXCELLENT,3,79.7,SYNTHETIC_DEMO
-64.6,70.8,153,1,0,1,1,3,0.0,20,1,30.4,POOR,0,51.1,SYNTHETIC_DEMO
-64.6,70.8,6,0,4,0,0,1,0.0,6,1,30.4,EXCELLENT,3,83.9,SYNTHETIC_DEMO
-51.9,96.2,44,1,4,0,0,0,0.0,6,1,43.1,EXCELLENT,3,100.0,SYNTHETIC_DEMO
-72.2,55.6,1,0,0,1,0,0,0.0,10,1,22.8,POOR,0,52.8,SYNTHETIC_DEMO
-63.7,72.6,11,0,3,0,1,6,0.0,22,1,31.3,GOOD,2,62.1,SYNTHETIC_DEMO
-71.5,57.0,6,0,3,0,0,2,0.0,8,1,23.5,GOOD,2,70.2,SYNTHETIC_DEMO
-71.1,57.8,1,0,3,0,0,2,0.0,6,1,23.9,GOOD,2,69.0,SYNTHETIC_DEMO
-69.3,61.4,149,1,2,0,0,1,0.0,6,1,25.7,GOOD,2,69.1,SYNTHETIC_DEMO
-61.9,76.2,8,0,3,0,0,4,2.7,13,1,33.1,GOOD,2,70.9,SYNTHETIC_DEMO
-71.7,56.6,3,0,4,0,0,1,3.4,11,1,23.3,GOOD,2,67.5,SYNTHETIC_DEMO
-47.4,100.0,40,1,3,0,0,2,0.0,16,1,47.6,EXCELLENT,3,93.9,SYNTHETIC_DEMO
-77.5,45.0,40,1,0,1,0,2,0.0,6,1,17.5,POOR,0,42.9,SYNTHETIC_DEMO
-67.6,64.8,157,1,3,0,0,3,0.0,15,0,27.4,GOOD,2,73.2,SYNTHETIC_DEMO
-71.2,57.6,6,0,3,0,0,3,0.0,8,1,23.8,GOOD,2,72.3,SYNTHETIC_DEMO
-44.7,100.0,48,1,4,0,0,0,0.0,15,1,50.3,EXCELLENT,3,100.0,SYNTHETIC_DEMO
-62.2,75.6,6,0,3,0,0,3,0.0,5,1,32.8,GOOD,2,75.9,SYNTHETIC_DEMO
-50.6,98.8,6,0,2,0,0,1,0.0,25,1,44.4,GOOD,2,73.8,SYNTHETIC_DEMO
-85.8,28.4,6,0,2,0,0,2,0.0,9,0,9.2,POOR,0,45.4,SYNTHETIC_DEMO
-61.3,77.4,6,0,3,0,0,4,0.0,3,1,33.7,GOOD,2,76.1,SYNTHETIC_DEMO
-52.5,95.0,6,0,3,0,1,2,0.0,13,1,42.5,EXCELLENT,3,79.1,SYNTHETIC_DEMO
-63.8,72.4,1,0,3,0,0,5,0.0,4,1,31.2,GOOD,2,67.9,SYNTHETIC_DEMO
-50.1,99.8,48,1,3,0,0,2,0.0,7,0,44.9,EXCELLENT,3,91.4,SYNTHETIC_DEMO
-72.2,55.6,6,0,3,0,0,4,0.0,24,1,22.8,GOOD,2,62.5,SYNTHETIC_DEMO
-45.3,100.0,6,0,3,0,0,3,0.0,16,1,49.7,EXCELLENT,3,84.2,SYNTHETIC_DEMO
-32.8,100.0,1,0,4,0,0,1,0.0,15,1,55.0,EXCELLENT,3,92.9,SYNTHETIC_DEMO
-70.1,59.8,44,1,4,0,0,0,0.0,18,1,24.9,EXCELLENT,3,85.9,SYNTHETIC_DEMO
-71.2,57.6,1,0,3,0,0,2,0.0,25,1,23.8,GOOD,2,69.2,SYNTHETIC_DEMO
-44.7,100.0,6,0,3,0,0,1,0.0,17,1,50.3,EXCELLENT,3,86.1,SYNTHETIC_DEMO
-42.9,100.0,48,1,2,0,0,1,0.0,5,1,52.1,GOOD,2,79.6,SYNTHETIC_DEMO
-72.3,55.4,149,1,3,0,0,0,0.0,8,1,22.7,EXCELLENT,3,80.8,SYNTHETIC_DEMO
-70.9,58.2,1,0,3,0,0,1,0.0,11,1,24.1,GOOD,2,71.2,SYNTHETIC_DEMO
-68.9,62.2,36,1,4,0,0,2,0.0,5,0,26.1,EXCELLENT,3,83.3,SYNTHETIC_DEMO
-83.8,32.4,157,1,4,0,0,1,0.0,15,0,11.2,POOR,0,71.5,SYNTHETIC_DEMO
-77.9,44.2,44,1,3,0,0,3,0.0,15,1,17.1,GOOD,2,65.7,SYNTHETIC_DEMO
-79.1,41.8,11,0,3,0,0,5,0.0,24,1,15.9,FAIR,1,57.9,SYNTHETIC_DEMO
-75.7,48.6,157,1,4,0,1,2,0.0,9,0,19.3,GOOD,2,71.4,SYNTHETIC_DEMO
-65.5,69.0,6,0,4,0,1,4,0.0,7,1,29.5,GOOD,2,75.4,SYNTHETIC_DEMO
-61.7,76.6,1,0,0,1,0,2,0.0,10,1,33.3,POOR,0,51.3,SYNTHETIC_DEMO
-43.3,100.0,1,0,3,0,0,0,0.0,10,0,51.7,EXCELLENT,3,87.2,SYNTHETIC_DEMO
-79.0,42.0,6,0,3,0,0,2,0.0,24,1,16.0,GOOD,2,69.5,SYNTHETIC_DEMO
-51.2,97.6,6,0,3,0,0,5,0.0,9,1,43.8,EXCELLENT,3,79.7,SYNTHETIC_DEMO
-68.0,64.0,149,1,2,0,0,3,0.0,21,1,27.0,GOOD,2,70.8,SYNTHETIC_DEMO
-65.7,68.6,1,0,0,1,0,1,0.0,9,0,29.3,POOR,0,53.6,SYNTHETIC_DEMO
-55.6,88.8,1,0,3,0,1,0,0.0,25,1,39.4,EXCELLENT,3,80.4,SYNTHETIC_DEMO
-80.7,38.6,6,0,3,0,0,4,0.0,6,0,14.3,FAIR,1,60.7,SYNTHETIC_DEMO
-59.6,80.8,1,0,0,1,0,4,0.0,12,1,35.4,POOR,0,54.1,SYNTHETIC_DEMO
-62.7,74.6,157,1,3,0,0,2,0.0,15,1,32.3,EXCELLENT,3,86.3,SYNTHETIC_DEMO
-58.1,83.8,1,0,4,0,0,3,0.0,6,1,36.9,EXCELLENT,3,85.7,SYNTHETIC_DEMO
-61.0,78.0,6,0,4,0,0,1,0.0,21,1,34.0,EXCELLENT,3,88.0,SYNTHETIC_DEMO
-32.0,100.0,8,0,3,0,0,5,2.3,12,1,55.0,GOOD,2,74.6,SYNTHETIC_DEMO
-73.9,52.2,1,0,3,0,0,2,0.0,9,1,21.1,GOOD,2,66.4,SYNTHETIC_DEMO
-72.4,55.2,6,0,4,0,0,4,0.0,7,0,22.6,GOOD,2,67.5,SYNTHETIC_DEMO
-73.7,52.6,161,1,3,0,0,1,0.0,5,1,21.3,GOOD,2,71.2,SYNTHETIC_DEMO
-72.8,54.4,161,1,3,0,0,0,0.0,24,1,22.2,EXCELLENT,3,83.1,SYNTHETIC_DEMO
-73.9,52.2,6,0,3,0,0,6,0.0,24,1,21.1,FAIR,1,59.2,SYNTHETIC_DEMO
-48.4,100.0,44,1,2,0,0,1,0.0,24,1,46.6,GOOD,2,86.7,SYNTHETIC_DEMO
-45.1,100.0,36,1,3,0,1,0,0.0,4,1,49.9,EXCELLENT,3,88.3,SYNTHETIC_DEMO
-73.0,54.0,44,1,4,0,0,0,0.0,13,1,22.0,EXCELLENT,3,87.1,SYNTHETIC_DEMO
-76.7,46.6,1,0,3,0,0,2,0.0,12,0,18.3,GOOD,2,63.4,SYNTHETIC_DEMO
-58.4,83.2,1,0,3,0,0,4,0.0,25,1,36.6,GOOD,2,71.5,SYNTHETIC_DEMO
-72.7,54.6,2,0,4,0,0,5,2.1,15,1,22.3,GOOD,2,69.8,SYNTHETIC_DEMO
-56.1,87.8,157,1,0,1,0,0,0.0,9,1,38.9,FAIR,1,69.1,SYNTHETIC_DEMO
-62.2,75.6,36,1,3,0,0,1,0.0,12,1,32.8,EXCELLENT,3,84.9,SYNTHETIC_DEMO
-86.2,27.6,6,0,3,0,0,4,0.0,6,1,8.8,POOR,0,56.0,SYNTHETIC_DEMO
-43.3,100.0,11,0,3,0,0,4,0.0,24,1,51.7,EXCELLENT,3,82.5,SYNTHETIC_DEMO
-39.9,100.0,36,1,0,1,0,0,0.0,22,1,55.0,FAIR,1,70.6,SYNTHETIC_DEMO
-73.6,52.8,157,1,3,0,0,1,0.0,18,1,21.4,GOOD,2,73.9,SYNTHETIC_DEMO
-70.4,59.2,40,1,3,0,0,1,0.0,22,1,24.6,GOOD,2,77.3,SYNTHETIC_DEMO
-61.0,78.0,44,1,3,0,0,1,0.0,8,1,34.0,EXCELLENT,3,91.0,SYNTHETIC_DEMO
-60.3,79.4,1,0,3,0,0,4,0.0,11,1,34.7,EXCELLENT,3,82.0,SYNTHETIC_DEMO
-55.8,88.4,1,0,3,0,0,1,0.0,15,1,39.2,EXCELLENT,3,88.4,SYNTHETIC_DEMO
-36.9,100.0,149,1,0,1,0,1,0.0,9,1,55.0,FAIR,1,69.2,SYNTHETIC_DEMO
-67.5,65.0,1,0,3,0,0,1,0.0,20,1,27.5,GOOD,2,74.5,SYNTHETIC_DEMO
-76.2,47.6,6,0,1,0,0,2,0.0,16,1,18.8,POOR,0,44.9,SYNTHETIC_DEMO
-84.3,31.4,40,1,4,0,0,1,0.0,24,1,10.7,POOR,0,71.6,SYNTHETIC_DEMO
-75.2,49.6,6,0,3,0,0,8,0.0,7,0,19.8,FAIR,1,51.1,SYNTHETIC_DEMO
-65.5,69.0,40,1,3,0,0,0,0.0,24,1,29.5,EXCELLENT,3,90.6,SYNTHETIC_DEMO
-39.9,100.0,11,0,3,0,0,2,0.0,15,1,55.0,EXCELLENT,3,91.0,SYNTHETIC_DEMO
-72.2,55.6,157,1,3,0,0,0,0.0,10,0,22.8,EXCELLENT,3,79.7,SYNTHETIC_DEMO
-61.9,76.2,1,0,3,0,0,2,0.0,17,0,33.1,GOOD,2,72.4,SYNTHETIC_DEMO
-65.2,69.6,1,0,4,0,0,2,0.0,21,0,29.8,EXCELLENT,3,80.6,SYNTHETIC_DEMO
-48.4,100.0,6,0,4,0,0,0,0.0,11,1,46.6,EXCELLENT,3,94.3,SYNTHETIC_DEMO
-32.0,100.0,1,0,3,0,0,1,0.0,8,0,55.0,EXCELLENT,3,79.3,SYNTHETIC_DEMO
-72.4,55.2,157,1,0,1,0,1,0.0,25,1,22.6,POOR,0,53.0,SYNTHETIC_DEMO
-71.9,56.2,44,1,3,0,0,2,0.0,16,0,23.1,GOOD,2,70.7,SYNTHETIC_DEMO
-50.4,99.2,11,0,3,0,0,2,0.0,25,1,44.6,EXCELLENT,3,82.9,SYNTHETIC_DEMO
-55.5,89.0,1,0,1,0,0,5,0.0,12,0,39.5,POOR,0,52.4,SYNTHETIC_DEMO
-39.1,100.0,11,0,3,0,0,3,0.0,11,1,55.0,EXCELLENT,3,81.9,SYNTHETIC_DEMO
-56.8,86.4,11,0,4,0,0,3,0.0,19,1,38.2,EXCELLENT,3,83.5,SYNTHETIC_DEMO
-70.0,60.0,36,1,0,1,0,0,0.0,15,1,25.0,POOR,0,55.8,SYNTHETIC_DEMO
-56.7,86.6,40,1,3,0,0,1,0.0,19,1,38.3,EXCELLENT,3,82.5,SYNTHETIC_DEMO
-49.5,100.0,36,1,3,0,0,0,0.0,21,0,45.5,EXCELLENT,3,97.6,SYNTHETIC_DEMO
-53.5,93.0,149,1,3,0,0,3,0.0,15,1,41.5,EXCELLENT,3,83.0,SYNTHETIC_DEMO
-57.9,84.2,3,0,0,1,0,4,2.7,11,1,37.1,POOR,0,43.8,SYNTHETIC_DEMO
-50.1,99.8,157,1,4,0,0,0,0.0,3,0,44.9,EXCELLENT,3,96.9,SYNTHETIC_DEMO
-48.6,100.0,40,1,3,0,0,1,0.0,3,1,46.4,EXCELLENT,3,92.5,SYNTHETIC_DEMO
-45.6,100.0,36,1,3,0,0,0,0.0,7,1,49.4,EXCELLENT,3,99.4,SYNTHETIC_DEMO
-55.9,88.2,157,1,3,0,0,3,0.0,10,1,39.1,EXCELLENT,3,85.1,SYNTHETIC_DEMO
-67.3,65.4,7,0,3,0,0,3,2.2,20,1,27.7,GOOD,2,69.7,SYNTHETIC_DEMO
-62.9,74.2,161,1,4,0,0,1,0.0,6,1,32.1,EXCELLENT,3,89.6,SYNTHETIC_DEMO
-48.1,100.0,11,0,3,0,0,3,0.0,24,1,46.9,EXCELLENT,3,84.1,SYNTHETIC_DEMO
-76.4,47.2,1,0,3,0,0,1,0.0,3,1,18.6,GOOD,2,70.2,SYNTHETIC_DEMO
-59.8,80.4,3,0,4,0,0,1,1.9,17,1,35.2,GOOD,2,77.3,SYNTHETIC_DEMO
-70.5,59.0,149,1,3,0,0,0,0.0,22,0,24.5,GOOD,2,77.9,SYNTHETIC_DEMO
-64.6,70.8,48,1,3,0,0,1,0.0,6,1,30.4,EXCELLENT,3,86.1,SYNTHETIC_DEMO
-47.1,100.0,161,1,1,0,0,1,0.0,11,1,47.9,POOR,0,84.6,SYNTHETIC_DEMO
-62.3,75.4,48,1,4,0,0,0,0.0,24,1,32.7,EXCELLENT,3,87.8,SYNTHETIC_DEMO
-64.3,71.4,1,0,3,0,0,4,0.0,22,0,30.7,GOOD,2,70.5,SYNTHETIC_DEMO
-84.0,32.0,36,1,3,0,0,1,0.0,12,0,11.0,POOR,0,65.3,SYNTHETIC_DEMO
-54.6,90.8,2,0,3,0,0,3,2.9,17,1,40.4,EXCELLENT,3,82.0,SYNTHETIC_DEMO
-56.0,88.0,6,0,2,0,0,4,0.0,5,1,39.0,GOOD,2,62.9,SYNTHETIC_DEMO
-34.7,100.0,11,0,3,0,0,5,0.0,4,1,55.0,EXCELLENT,3,80.9,SYNTHETIC_DEMO
-69.3,61.4,161,1,0,1,0,0,0.0,24,1,25.7,POOR,0,52.3,SYNTHETIC_DEMO
-61.9,76.2,153,1,3,0,0,0,0.0,7,1,33.1,EXCELLENT,3,85.7,SYNTHETIC_DEMO
-61.5,77.0,11,0,3,0,0,5,0.0,3,1,33.5,GOOD,2,70.8,SYNTHETIC_DEMO
-42.9,100.0,6,0,3,0,0,4,0.0,13,1,52.1,EXCELLENT,3,84.4,SYNTHETIC_DEMO
-66.3,67.4,36,1,3,0,0,0,0.0,14,0,28.7,EXCELLENT,3,78.4,SYNTHETIC_DEMO
-61.1,77.8,1,0,4,0,0,5,0.0,5,1,33.9,EXCELLENT,3,78.2,SYNTHETIC_DEMO
-56.5,87.0,36,1,3,0,0,0,0.0,25,0,38.5,EXCELLENT,3,88.5,SYNTHETIC_DEMO
-62.4,75.2,161,1,0,1,0,1,0.0,18,1,32.6,POOR,0,59.9,SYNTHETIC_DEMO
-71.3,57.4,7,0,2,0,0,2,3.3,16,1,23.7,FAIR,1,58.6,SYNTHETIC_DEMO
-62.3,75.4,6,0,3,0,0,10,0.0,14,1,32.7,FAIR,1,57.5,SYNTHETIC_DEMO
-50.0,100.0,36,1,4,0,0,1,0.0,22,1,45.0,EXCELLENT,3,100.0,SYNTHETIC_DEMO
-79.4,41.2,149,1,4,0,0,1,0.0,18,1,15.6,GOOD,2,75.5,SYNTHETIC_DEMO
-63.1,73.8,11,0,4,0,0,4,0.0,23,1,31.9,EXCELLENT,3,80.3,SYNTHETIC_DEMO
-74.8,50.4,44,1,3,0,0,1,0.0,10,1,20.2,GOOD,2,76.4,SYNTHETIC_DEMO
-48.3,100.0,6,0,3,0,0,3,0.0,19,1,46.7,EXCELLENT,3,82.8,SYNTHETIC_DEMO
-86.3,27.4,1,0,3,0,0,1,0.0,19,1,8.7,POOR,0,60.6,SYNTHETIC_DEMO
-72.8,54.4,44,1,2,0,0,0,0.0,9,1,22.2,GOOD,2,71.5,SYNTHETIC_DEMO
-59.7,80.6,149,1,0,1,0,1,0.0,17,0,35.3,FAIR,1,62.8,SYNTHETIC_DEMO
-43.1,100.0,6,0,4,0,0,2,0.0,11,1,51.9,EXCELLENT,3,89.0,SYNTHETIC_DEMO
-65.9,68.2,149,1,3,0,0,1,0.0,6,1,29.1,EXCELLENT,3,78.3,SYNTHETIC_DEMO
-72.8,54.4,6,0,3,0,0,5,0.0,10,1,22.2,GOOD,2,65.1,SYNTHETIC_DEMO
-38.7,100.0,6,0,0,1,0,0,0.0,12,1,55.0,FAIR,1,60.7,SYNTHETIC_DEMO
-85.3,29.4,6,0,4,0,0,2,0.0,17,1,9.7,POOR,0,62.0,SYNTHETIC_DEMO
-95.8,8.4,48,1,3,0,0,0,0.0,25,1,0.0,POOR,0,59.8,SYNTHETIC_DEMO
-58.8,82.4,11,0,3,0,0,4,0.0,20,1,36.2,GOOD,2,73.8,SYNTHETIC_DEMO
-72.0,56.0,1,0,4,0,0,2,0.0,16,1,23.0,GOOD,2,71.2,SYNTHETIC_DEMO
-79.3,41.4,6,0,3,0,0,0,0.0,7,1,15.7,GOOD,2,63.7,SYNTHETIC_DEMO
-55.1,89.8,40,1,3,0,0,1,0.0,11,1,39.9,EXCELLENT,3,85.8,SYNTHETIC_DEMO
-61.6,76.8,40,1,0,1,0,1,0.0,15,1,33.4,POOR,0,61.6,SYNTHETIC_DEMO
-72.9,54.2,161,1,2,0,0,0,0.0,21,1,22.1,GOOD,2,65.2,SYNTHETIC_DEMO
-82.9,34.2,4,0,4,0,0,1,2.0,13,0,12.1,POOR,0,63.7,SYNTHETIC_DEMO
-52.8,94.4,6,0,3,0,0,2,0.0,14,1,42.2,EXCELLENT,3,89.5,SYNTHETIC_DEMO
-55.9,88.2,11,0,3,0,0,1,0.0,5,0,39.1,EXCELLENT,3,81.5,SYNTHETIC_DEMO
-66.4,67.2,40,1,3,0,0,0,0.0,4,1,28.6,EXCELLENT,3,84.5,SYNTHETIC_DEMO
-39.1,100.0,149,1,3,0,0,0,0.0,25,1,55.0,EXCELLENT,3,92.2,SYNTHETIC_DEMO
-80.0,40.0,1,0,0,1,0,2,0.0,24,1,15.0,POOR,0,46.1,SYNTHETIC_DEMO
-86.4,27.2,161,1,3,0,0,0,0.0,17,0,8.6,POOR,0,65.9,SYNTHETIC_DEMO
-74.7,50.6,6,0,3,0,0,3,0.0,7,1,20.3,GOOD,2,65.4,SYNTHETIC_DEMO
-65.6,68.8,6,0,3,0,0,9,0.0,9,1,29.4,GOOD,2,63.2,SYNTHETIC_DEMO
-61.6,76.8,1,0,4,0,0,1,0.0,6,1,33.4,EXCELLENT,3,84.1,SYNTHETIC_DEMO
-68.4,63.2,6,0,3,0,1,0,0.0,7,0,26.6,GOOD,2,72.3,SYNTHETIC_DEMO
-60.1,79.8,1,0,2,0,0,1,0.0,18,1,34.9,GOOD,2,69.9,SYNTHETIC_DEMO
-82.5,35.0,1,0,3,0,0,2,0.0,17,1,12.5,POOR,0,62.0,SYNTHETIC_DEMO
-44.8,100.0,6,0,4,0,1,1,0.0,18,1,50.2,EXCELLENT,3,90.9,SYNTHETIC_DEMO
-66.2,67.6,149,1,3,0,1,0,0.0,6,1,28.8,EXCELLENT,3,82.3,SYNTHETIC_DEMO
-49.4,100.0,3,0,0,1,0,5,3.5,8,1,45.6,POOR,0,46.8,SYNTHETIC_DEMO
-60.2,79.6,6,0,3,0,0,5,0.0,20,1,34.8,GOOD,2,69.6,SYNTHETIC_DEMO
-58.6,82.8,48,1,3,0,0,2,0.0,5,1,36.4,EXCELLENT,3,82.8,SYNTHETIC_DEMO
-57.0,86.0,2,0,3,0,1,2,3.4,24,1,38.0,GOOD,2,68.4,SYNTHETIC_DEMO
-58.7,82.6,11,0,4,0,0,4,0.0,7,1,36.3,GOOD,2,75.3,SYNTHETIC_DEMO
-56.0,88.0,36,1,4,0,0,4,0.0,4,1,39.0,EXCELLENT,3,87.9,SYNTHETIC_DEMO
-46.4,100.0,11,0,3,0,0,3,0.0,25,1,48.6,EXCELLENT,3,86.2,SYNTHETIC_DEMO
-62.2,75.6,8,0,3,0,0,7,3.3,18,1,32.8,GOOD,2,64.1,SYNTHETIC_DEMO
-55.1,89.8,11,0,3,0,0,3,0.0,8,1,39.9,GOOD,2,72.7,SYNTHETIC_DEMO
-66.3,67.4,149,1,0,1,0,0,0.0,17,1,28.7,POOR,0,57.9,SYNTHETIC_DEMO
-44.8,100.0,6,0,4,0,0,2,0.0,20,0,50.2,EXCELLENT,3,85.3,SYNTHETIC_DEMO
-74.5,51.0,48,1,3,0,0,1,0.0,8,1,20.5,GOOD,2,76.1,SYNTHETIC_DEMO
-39.8,100.0,6,0,2,0,0,2,0.0,15,1,55.0,GOOD,2,74.3,SYNTHETIC_DEMO
-65.6,68.8,1,0,3,0,0,2,0.0,15,1,29.4,GOOD,2,76.5,SYNTHETIC_DEMO
-85.0,30.0,6,0,3,0,0,5,0.0,3,1,10.0,POOR,0,54.4,SYNTHETIC_DEMO
-63.2,73.6,44,1,3,0,0,2,0.0,18,1,31.8,GOOD,2,75.7,SYNTHETIC_DEMO
-74.5,51.0,2,0,3,0,0,3,2.6,6,1,20.5,FAIR,1,59.4,SYNTHETIC_DEMO
-53.2,93.6,1,0,3,0,0,4,0.0,19,1,41.8,EXCELLENT,3,79.0,SYNTHETIC_DEMO
-74.1,51.8,9,0,4,0,0,1,2.1,20,1,20.9,GOOD,2,73.1,SYNTHETIC_DEMO
-71.2,57.6,6,0,3,0,0,1,0.0,18,1,23.8,GOOD,2,68.7,SYNTHETIC_DEMO
-91.5,17.0,40,1,3,0,0,1,0.0,3,1,3.5,POOR,0,59.1,SYNTHETIC_DEMO
-71.3,57.4,11,0,3,0,0,3,0.0,8,0,23.7,GOOD,2,66.7,SYNTHETIC_DEMO
-98.0,4.0,11,0,3,0,0,3,0.0,13,0,0.0,POOR,0,43.6,SYNTHETIC_DEMO
-87.2,25.6,8,0,3,0,0,3,3.0,8,1,7.8,POOR,0,47.9,SYNTHETIC_DEMO
-54.4,91.2,40,1,3,0,0,1,0.0,19,1,40.6,EXCELLENT,3,88.4,SYNTHETIC_DEMO
-54.0,92.0,2,0,3,0,0,3,3.4,6,1,41.0,GOOD,2,74.0,SYNTHETIC_DEMO
-59.0,82.0,1,0,2,0,0,3,0.0,16,0,36.0,GOOD,2,62.5,SYNTHETIC_DEMO
-78.5,43.0,44,1,4,0,0,0,0.0,16,1,16.5,GOOD,2,77.9,SYNTHETIC_DEMO
-65.7,68.6,44,1,3,0,0,0,0.0,22,1,29.3,EXCELLENT,3,84.1,SYNTHETIC_DEMO
-65.1,69.8,11,0,3,0,0,1,0.0,10,1,29.9,GOOD,2,75.1,SYNTHETIC_DEMO
-81.2,37.6,1,0,0,1,0,3,0.0,24,1,13.8,POOR,0,36.8,SYNTHETIC_DEMO
-44.0,100.0,3,0,3,0,0,2,2.7,4,1,51.0,EXCELLENT,3,80.4,SYNTHETIC_DEMO
-52.7,94.6,1,0,3,0,0,1,0.0,7,1,42.3,EXCELLENT,3,86.4,SYNTHETIC_DEMO
-68.1,63.8,1,0,4,0,0,3,0.0,6,0,26.9,GOOD,2,76.4,SYNTHETIC_DEMO
-64.6,70.8,11,0,3,0,0,3,0.0,12,1,30.4,GOOD,2,75.7,SYNTHETIC_DEMO
-62.1,75.8,6,0,4,0,0,4,0.0,22,1,32.9,EXCELLENT,3,81.6,SYNTHETIC_DEMO
-93.6,12.8,11,0,3,0,0,1,0.0,23,1,1.4,POOR,0,59.8,SYNTHETIC_DEMO
-68.5,63.0,157,1,3,0,0,0,0.0,5,1,26.5,EXCELLENT,3,82.8,SYNTHETIC_DEMO
-74.5,51.0,48,1,0,1,0,1,0.0,18,1,20.5,POOR,0,49.3,SYNTHETIC_DEMO
-79.0,42.0,11,0,4,0,0,1,0.0,12,1,16.0,GOOD,2,71.3,SYNTHETIC_DEMO
-68.9,62.2,6,0,3,0,0,5,0.0,17,0,26.1,FAIR,1,61.1,SYNTHETIC_DEMO
-39.8,100.0,1,0,4,0,0,0,0.0,6,1,55.0,EXCELLENT,3,95.0,SYNTHETIC_DEMO
-56.0,88.0,40,1,4,0,0,1,0.0,3,1,39.0,EXCELLENT,3,95.7,SYNTHETIC_DEMO
-73.0,54.0,6,0,4,0,0,3,0.0,24,0,22.0,GOOD,2,68.1,SYNTHETIC_DEMO
-57.0,86.0,11,0,3,0,0,1,0.0,17,0,38.0,EXCELLENT,3,80.8,SYNTHETIC_DEMO
-45.4,100.0,6,0,3,0,0,4,0.0,12,1,49.6,EXCELLENT,3,79.2,SYNTHETIC_DEMO
-52.1,95.8,11,0,3,0,0,5,0.0,22,1,42.9,EXCELLENT,3,78.2,SYNTHETIC_DEMO
-64.2,71.6,11,0,1,0,0,2,0.0,24,1,30.8,POOR,0,54.0,SYNTHETIC_DEMO
-74.1,51.8,11,0,3,0,0,1,0.0,20,1,20.9,GOOD,2,68.7,SYNTHETIC_DEMO
-55.2,89.6,1,0,0,1,0,2,0.0,18,0,39.8,FAIR,1,52.9,SYNTHETIC_DEMO
-59.5,81.0,40,1,3,0,0,1,0.0,23,1,35.5,EXCELLENT,3,87.7,SYNTHETIC_DEMO
-52.5,95.0,11,0,2,0,0,1,0.0,11,1,42.5,GOOD,2,75.8,SYNTHETIC_DEMO
-56.1,87.8,36,1,2,0,0,0,0.0,21,1,38.9,GOOD,2,79.4,SYNTHETIC_DEMO
-50.3,99.4,36,1,3,0,0,2,0.0,19,1,44.7,EXCELLENT,3,91.2,SYNTHETIC_DEMO
-72.5,55.0,3,0,3,0,0,2,2.9,12,0,22.5,GOOD,2,62.3,SYNTHETIC_DEMO
-46.6,100.0,11,0,3,0,0,1,0.0,21,0,48.4,EXCELLENT,3,89.2,SYNTHETIC_DEMO
-62.2,75.6,1,0,0,1,0,0,0.0,10,1,32.8,POOR,0,53.5,SYNTHETIC_DEMO
-35.9,100.0,6,0,3,0,0,2,0.0,21,0,55.0,EXCELLENT,3,83.0,SYNTHETIC_DEMO
-74.6,50.8,153,1,2,0,0,1,0.0,7,1,20.4,FAIR,1,61.4,SYNTHETIC_DEMO
-40.7,100.0,36,1,3,0,0,1,0.0,4,1,54.3,EXCELLENT,3,91.8,SYNTHETIC_DEMO
-62.2,75.6,10,0,3,0,0,3,1.5,17,1,32.8,GOOD,2,67.6,SYNTHETIC_DEMO
-74.1,51.8,11,0,3,0,0,5,0.0,19,1,20.9,GOOD,2,64.4,SYNTHETIC_DEMO
-71.8,56.4,40,1,3,0,0,1,0.0,12,1,23.2,EXCELLENT,3,79.8,SYNTHETIC_DEMO
-69.5,61.0,153,1,3,0,0,1,0.0,23,1,25.5,EXCELLENT,3,81.5,SYNTHETIC_DEMO
-59.1,81.8,36,1,3,0,0,1,0.0,23,1,35.9,EXCELLENT,3,86.5,SYNTHETIC_DEMO
-57.7,84.6,8,0,3,0,0,4,3.2,24,1,37.3,GOOD,2,68.4,SYNTHETIC_DEMO
-73.0,54.0,1,0,3,0,0,1,0.0,4,1,22.0,GOOD,2,69.3,SYNTHETIC_DEMO
-65.3,69.4,161,1,3,0,0,0,0.0,11,0,29.7,EXCELLENT,3,86.9,SYNTHETIC_DEMO
-35.0,100.0,40,1,0,1,0,2,0.0,4,1,55.0,FAIR,1,69.9,SYNTHETIC_DEMO
-40.8,100.0,1,0,3,0,0,3,0.0,20,1,54.2,EXCELLENT,3,83.8,SYNTHETIC_DEMO
-58.9,82.2,1,0,3,0,0,3,0.0,14,1,36.1,GOOD,2,75.6,SYNTHETIC_DEMO
-64.5,71.0,6,0,3,0,0,4,0.0,17,1,30.5,GOOD,2,75.2,SYNTHETIC_DEMO
-63.3,73.4,10,0,0,1,0,1,2.2,23,1,31.7,POOR,0,48.1,SYNTHETIC_DEMO
-56.4,87.2,6,0,0,1,0,3,0.0,22,1,38.6,POOR,0,54.6,SYNTHETIC_DEMO
-79.3,41.4,40,1,4,0,0,1,0.0,8,1,15.7,EXCELLENT,3,81.3,SYNTHETIC_DEMO
-68.6,62.8,6,0,3,0,0,3,0.0,20,1,26.4,GOOD,2,67.9,SYNTHETIC_DEMO
-88.4,23.2,36,1,1,0,0,1,0.0,15,1,6.6,POOR,0,48.4,SYNTHETIC_DEMO
-59.4,81.2,6,0,3,0,0,4,0.0,6,0,35.6,GOOD,2,74.2,SYNTHETIC_DEMO
-55.9,88.2,157,1,3,0,0,1,0.0,14,1,39.1,EXCELLENT,3,88.6,SYNTHETIC_DEMO
-71.8,56.4,161,1,4,0,1,0,0.0,11,1,23.2,EXCELLENT,3,78.8,SYNTHETIC_DEMO
-43.0,100.0,6,0,0,1,0,1,0.0,4,0,52.0,FAIR,1,58.6,SYNTHETIC_DEMO
-82.2,35.6,1,0,3,0,0,4,0.0,18,0,12.8,POOR,0,57.5,SYNTHETIC_DEMO
-85.5,29.0,12,0,4,0,0,2,3.2,3,1,9.5,POOR,0,56.7,SYNTHETIC_DEMO
-61.9,76.2,1,0,0,1,0,4,0.0,6,1,33.1,POOR,0,48.3,SYNTHETIC_DEMO
-50.3,99.4,40,1,3,0,0,1,0.0,17,0,44.7,EXCELLENT,3,92.2,SYNTHETIC_DEMO
-41.4,100.0,153,1,4,0,0,0,0.0,22,1,53.6,EXCELLENT,3,100.0,SYNTHETIC_DEMO
-71.4,57.2,6,0,3,0,0,3,0.0,3,1,23.6,GOOD,2,64.2,SYNTHETIC_DEMO
-49.9,100.0,6,0,3,0,0,2,0.0,22,1,45.1,EXCELLENT,3,89.5,SYNTHETIC_DEMO
-65.5,69.0,6,0,0,1,0,2,0.0,17,1,29.5,POOR,0,54.8,SYNTHETIC_DEMO
-67.4,65.2,149,1,0,1,0,1,0.0,5,0,27.6,POOR,0,54.9,SYNTHETIC_DEMO
-52.6,94.8,1,0,3,0,0,2,0.0,15,1,42.4,EXCELLENT,3,80.7,SYNTHETIC_DEMO
-55.9,88.2,11,0,4,0,0,0,0.0,20,0,39.1,EXCELLENT,3,87.9,SYNTHETIC_DEMO
-87.1,25.8,11,0,3,0,0,0,0.0,15,0,7.9,POOR,0,61.9,SYNTHETIC_DEMO
-44.3,100.0,6,0,3,0,0,4,0.0,12,0,50.7,EXCELLENT,3,80.0,SYNTHETIC_DEMO
-45.7,100.0,6,0,4,0,0,3,0.0,22,1,49.3,EXCELLENT,3,88.5,SYNTHETIC_DEMO
-73.8,52.4,40,1,3,0,0,1,0.0,9,0,21.2,GOOD,2,75.0,SYNTHETIC_DEMO
-59.5,81.0,11,0,2,0,0,0,0.0,10,1,35.5,GOOD,2,73.1,SYNTHETIC_DEMO
-58.1,83.8,6,0,3,0,0,3,0.0,3,1,36.9,EXCELLENT,3,78.5,SYNTHETIC_DEMO
-61.4,77.2,36,1,4,0,0,2,0.0,20,0,33.6,EXCELLENT,3,84.2,SYNTHETIC_DEMO
-72.7,54.6,153,1,4,0,0,1,0.0,14,1,22.3,EXCELLENT,3,80.9,SYNTHETIC_DEMO
-74.4,51.2,13,0,0,1,0,5,2.3,20,1,20.6,POOR,0,31.7,SYNTHETIC_DEMO
-65.4,69.2,6,0,3,0,0,7,0.0,14,1,29.6,GOOD,2,69.6,SYNTHETIC_DEMO
-48.6,100.0,5,0,3,0,0,4,2.8,22,1,46.4,EXCELLENT,3,81.4,SYNTHETIC_DEMO
-57.4,85.2,6,0,4,0,0,4,0.0,11,1,37.6,EXCELLENT,3,82.7,SYNTHETIC_DEMO
-70.2,59.6,1,0,1,0,0,1,0.0,4,1,24.8,POOR,0,57.6,SYNTHETIC_DEMO
-54.2,91.6,1,0,3,0,0,2,0.0,16,1,40.8,EXCELLENT,3,85.1,SYNTHETIC_DEMO
-98.0,4.0,6,0,4,0,0,3,0.0,6,0,0.0,POOR,0,53.3,SYNTHETIC_DEMO
-48.9,100.0,149,1,3,0,0,0,0.0,17,1,46.1,EXCELLENT,3,90.5,SYNTHETIC_DEMO
-89.4,21.2,1,0,3,0,0,2,0.0,19,1,5.6,POOR,0,57.2,SYNTHETIC_DEMO
-70.1,59.8,48,1,0,1,0,1,0.0,21,1,24.9,POOR,0,52.7,SYNTHETIC_DEMO
-80.7,38.6,11,0,3,0,0,0,0.0,8,1,14.3,GOOD,2,65.1,SYNTHETIC_DEMO
-83.1,33.8,48,1,3,0,0,1,0.0,11,1,11.9,POOR,0,65.2,SYNTHETIC_DEMO
-48.7,100.0,149,1,4,0,0,3,0.0,19,1,46.3,EXCELLENT,3,94.9,SYNTHETIC_DEMO
-71.5,57.0,153,1,3,0,0,3,0.0,17,0,23.5,GOOD,2,72.3,SYNTHETIC_DEMO
-60.1,79.8,149,1,3,0,0,1,0.0,7,1,34.9,EXCELLENT,3,82.2,SYNTHETIC_DEMO
-65.7,68.6,157,1,3,0,0,0,0.0,20,0,29.3,EXCELLENT,3,79.8,SYNTHETIC_DEMO
-58.3,83.4,5,0,2,0,0,4,2.7,25,1,36.7,GOOD,2,64.8,SYNTHETIC_DEMO
-63.9,72.2,6,0,3,0,0,3,0.0,6,1,31.1,GOOD,2,71.0,SYNTHETIC_DEMO
-83.0,34.0,1,0,3,0,1,1,0.0,23,1,12.0,POOR,0,62.2,SYNTHETIC_DEMO
-51.1,97.8,161,1,4,0,0,0,0.0,4,1,43.9,EXCELLENT,3,98.7,SYNTHETIC_DEMO
-71.9,56.2,36,1,3,0,0,0,0.0,21,1,23.1,EXCELLENT,3,81.2,SYNTHETIC_DEMO
-86.8,26.4,6,0,3,0,0,4,0.0,7,0,8.2,POOR,0,50.9,SYNTHETIC_DEMO
-71.0,58.0,11,0,1,0,0,2,0.0,6,1,24.0,POOR,0,51.2,SYNTHETIC_DEMO
-44.0,100.0,11,0,4,0,0,6,0.0,7,1,51.0,EXCELLENT,3,82.3,SYNTHETIC_DEMO
-53.1,93.8,40,1,1,0,0,0,0.0,21,1,41.9,POOR,0,73.5,SYNTHETIC_DEMO
-69.9,60.2,1,0,3,0,0,2,0.0,15,1,25.1,GOOD,2,71.9,SYNTHETIC_DEMO
-69.9,60.2,13,0,3,0,0,5,2.5,18,1,25.1,GOOD,2,62.4,SYNTHETIC_DEMO
-69.5,61.0,1,0,4,0,0,4,0.0,14,1,25.5,EXCELLENT,3,79.1,SYNTHETIC_DEMO
-35.9,100.0,1,0,3,0,0,2,0.0,11,0,55.0,EXCELLENT,3,91.3,SYNTHETIC_DEMO
-59.7,80.6,36,1,3,0,0,0,0.0,18,1,35.3,EXCELLENT,3,86.3,SYNTHETIC_DEMO
-59.0,82.0,149,1,3,0,0,2,0.0,16,1,36.0,GOOD,2,77.3,SYNTHETIC_DEMO
-50.6,98.8,153,1,3,0,0,1,0.0,24,1,44.4,EXCELLENT,3,94.2,SYNTHETIC_DEMO
-61.7,76.6,11,0,3,0,0,3,0.0,3,1,33.3,GOOD,2,75.8,SYNTHETIC_DEMO
-68.6,62.8,6,0,3,0,0,2,0.0,22,1,26.4,GOOD,2,75.8,SYNTHETIC_DEMO
-67.7,64.6,6,0,0,1,0,3,0.0,25,1,27.3,POOR,0,46.9,SYNTHETIC_DEMO
-66.0,68.0,153,1,4,0,0,1,0.0,23,1,29.0,EXCELLENT,3,86.8,SYNTHETIC_DEMO
-65.5,69.0,6,0,4,0,0,3,0.0,6,0,29.5,EXCELLENT,3,78.9,SYNTHETIC_DEMO
-54.8,90.4,2,0,3,0,1,2,2.9,11,0,40.2,GOOD,2,76.7,SYNTHETIC_DEMO
-64.3,71.4,2,0,4,0,0,0,2.3,21,1,30.7,GOOD,2,77.4,SYNTHETIC_DEMO
-54.7,90.6,36,1,3,0,0,1,0.0,16,1,40.3,EXCELLENT,3,87.1,SYNTHETIC_DEMO
-66.1,67.8,11,0,3,0,0,2,0.0,24,1,28.9,GOOD,2,74.0,SYNTHETIC_DEMO
-63.9,72.2,149,1,3,0,0,0,0.0,14,0,31.1,EXCELLENT,3,83.6,SYNTHETIC_DEMO
-93.0,14.0,12,0,3,0,0,1,1.7,6,0,2.0,POOR,0,52.5,SYNTHETIC_DEMO
-52.2,95.6,6,0,3,0,0,1,0.0,9,0,42.8,EXCELLENT,3,85.6,SYNTHETIC_DEMO
-60.1,79.8,12,0,3,0,0,2,2.7,19,1,34.9,GOOD,2,77.5,SYNTHETIC_DEMO
-51.0,98.0,11,0,3,0,0,2,0.0,3,0,44.0,EXCELLENT,3,88.1,SYNTHETIC_DEMO
-98.0,4.0,1,0,3,0,0,3,0.0,16,0,0.0,POOR,0,49.5,SYNTHETIC_DEMO
-35.8,100.0,6,0,3,0,0,1,0.0,17,1,55.0,EXCELLENT,3,85.2,SYNTHETIC_DEMO
-67.0,66.0,13,0,0,1,0,2,1.3,14,1,28.0,POOR,0,46.3,SYNTHETIC_DEMO
-49.5,100.0,149,1,4,0,0,1,0.0,14,1,45.5,EXCELLENT,3,97.6,SYNTHETIC_DEMO
-79.6,40.8,1,0,3,0,0,0,0.0,8,1,15.4,GOOD,2,70.8,SYNTHETIC_DEMO
-56.4,87.2,36,1,3,0,0,0,0.0,15,1,38.6,EXCELLENT,3,91.7,SYNTHETIC_DEMO
-79.7,40.6,6,0,3,0,0,2,0.0,18,1,15.3,GOOD,2,71.0,SYNTHETIC_DEMO
-73.7,52.6,161,1,3,0,0,0,0.0,16,1,21.3,GOOD,2,77.0,SYNTHETIC_DEMO
-38.2,100.0,6,0,4,0,0,4,0.0,9,1,55.0,EXCELLENT,3,87.4,SYNTHETIC_DEMO
-67.7,64.6,1,0,3,0,0,4,0.0,18,1,27.3,GOOD,2,75.9,SYNTHETIC_DEMO
-62.0,76.0,11,0,3,0,0,6,0.0,25,1,33.0,GOOD,2,66.6,SYNTHETIC_DEMO
-52.8,94.4,6,0,0,1,0,3,0.0,11,1,42.2,POOR,0,56.9,SYNTHETIC_DEMO
-58.1,83.8,11,0,3,0,0,4,0.0,16,0,36.9,GOOD,2,70.7,SYNTHETIC_DEMO
-62.9,74.2,40,1,4,0,1,0,0.0,9,0,32.1,EXCELLENT,3,86.2,SYNTHETIC_DEMO
-59.9,80.2,149,1,3,0,0,2,0.0,14,0,35.1,EXCELLENT,3,79.3,SYNTHETIC_DEMO
-32.0,100.0,153,1,3,0,0,1,0.0,5,1,55.0,EXCELLENT,3,95.9,SYNTHETIC_DEMO
-65.8,68.4,149,1,3,0,0,1,0.0,16,1,29.2,EXCELLENT,3,82.2,SYNTHETIC_DEMO
-62.2,75.6,1,0,3,0,0,1,0.0,21,1,32.8,GOOD,2,76.5,SYNTHETIC_DEMO
-50.3,99.4,1,0,3,0,0,5,0.0,13,1,44.7,EXCELLENT,3,81.3,SYNTHETIC_DEMO
-49.5,100.0,6,0,3,0,0,5,0.0,7,0,45.5,GOOD,2,77.5,SYNTHETIC_DEMO
-48.4,100.0,1,0,3,0,0,5,0.0,25,1,46.6,EXCELLENT,3,81.9,SYNTHETIC_DEMO
-56.1,87.8,6,0,3,0,0,3,0.0,15,1,38.9,GOOD,2,75.7,SYNTHETIC_DEMO
-81.0,38.0,6,0,4,0,0,3,0.0,12,1,14.0,GOOD,2,67.8,SYNTHETIC_DEMO
-42.1,100.0,3,0,3,0,0,5,2.7,9,0,52.9,GOOD,2,75.3,SYNTHETIC_DEMO
-81.0,38.0,4,0,3,0,0,4,1.6,19,1,14.0,FAIR,1,55.8,SYNTHETIC_DEMO
-60.8,78.4,36,1,3,0,0,1,0.0,18,1,34.2,EXCELLENT,3,81.5,SYNTHETIC_DEMO
-75.6,48.8,40,1,3,0,0,1,0.0,10,1,19.4,GOOD,2,74.8,SYNTHETIC_DEMO
-65.9,68.2,1,0,3,0,0,3,0.0,19,1,29.1,GOOD,2,76.0,SYNTHETIC_DEMO
-60.4,79.2,153,1,3,0,0,1,0.0,15,1,34.6,EXCELLENT,3,88.9,SYNTHETIC_DEMO
-60.5,79.0,157,1,3,0,0,2,0.0,13,0,34.5,EXCELLENT,3,80.0,SYNTHETIC_DEMO
-59.1,81.8,1,0,2,0,0,5,0.0,22,1,35.9,FAIR,1,58.8,SYNTHETIC_DEMO
-42.4,100.0,1,0,4,0,0,4,0.0,20,1,52.6,EXCELLENT,3,84.9,SYNTHETIC_DEMO
-58.7,82.6,6,0,3,0,0,2,0.0,7,0,36.3,GOOD,2,76.1,SYNTHETIC_DEMO
-68.4,63.2,157,1,1,0,0,0,0.0,8,1,26.6,POOR,0,63.5,SYNTHETIC_DEMO
-51.5,97.0,44,1,3,0,0,1,0.0,22,0,43.5,EXCELLENT,3,89.4,SYNTHETIC_DEMO
-48.3,100.0,1,0,4,0,0,2,0.0,16,0,46.7,EXCELLENT,3,86.3,SYNTHETIC_DEMO
-82.2,35.6,11,0,4,0,0,2,0.0,14,1,12.8,POOR,0,71.4,SYNTHETIC_DEMO
-56.6,86.8,1,0,3,0,0,3,0.0,6,1,38.4,EXCELLENT,3,79.2,SYNTHETIC_DEMO
-55.2,89.6,1,0,1,0,0,1,0.0,9,1,39.8,POOR,0,65.5,SYNTHETIC_DEMO
-69.2,61.6,4,0,3,0,0,3,1.4,13,0,25.8,FAIR,1,60.7,SYNTHETIC_DEMO
-45.7,100.0,161,1,0,1,1,1,0.0,22,0,49.3,FAIR,1,55.5,SYNTHETIC_DEMO
-67.1,65.8,149,1,4,0,0,0,0.0,4,1,27.9,EXCELLENT,3,83.7,SYNTHETIC_DEMO
-63.2,73.6,153,1,2,0,0,2,0.0,6,1,31.8,GOOD,2,69.9,SYNTHETIC_DEMO
-67.4,65.2,44,1,3,0,0,0,0.0,9,1,27.6,EXCELLENT,3,84.5,SYNTHETIC_DEMO
-64.8,70.4,48,1,3,0,0,0,0.0,3,0,30.2,GOOD,2,75.6,SYNTHETIC_DEMO
-80.3,39.4,1,0,3,0,0,9,0.0,17,1,14.7,FAIR,1,53.8,SYNTHETIC_DEMO
-85.2,29.6,2,0,3,0,0,3,2.1,22,1,9.8,POOR,0,56.1,SYNTHETIC_DEMO
-42.7,100.0,1,0,3,0,0,2,0.0,24,1,52.3,EXCELLENT,3,89.7,SYNTHETIC_DEMO
-76.9,46.2,48,1,2,0,0,2,0.0,10,1,18.1,FAIR,1,59.1,SYNTHETIC_DEMO
-78.9,42.2,1,0,3,0,0,2,0.0,7,0,16.1,GOOD,2,64.9,SYNTHETIC_DEMO
-95.1,9.8,48,1,3,0,0,3,0.0,16,1,0.0,POOR,0,57.1,SYNTHETIC_DEMO
-73.9,52.2,11,0,2,0,0,2,0.0,20,1,21.1,FAIR,1,61.3,SYNTHETIC_DEMO
-83.5,33.0,7,0,3,0,0,4,1.7,5,1,11.5,POOR,0,54.5,SYNTHETIC_DEMO
-42.0,100.0,4,0,3,0,0,1,2.5,4,1,53.0,EXCELLENT,3,85.5,SYNTHETIC_DEMO
-50.9,98.2,11,0,3,0,0,0,0.0,24,1,44.1,EXCELLENT,3,92.7,SYNTHETIC_DEMO
-74.6,50.8,40,1,4,0,0,1,0.0,18,1,20.4,EXCELLENT,3,78.6,SYNTHETIC_DEMO
-33.5,100.0,40,1,4,0,0,0,0.0,16,1,55.0,EXCELLENT,3,100.0,SYNTHETIC_DEMO
-51.3,97.4,1,0,4,0,0,2,0.0,18,0,43.7,EXCELLENT,3,82.0,SYNTHETIC_DEMO
-69.5,61.0,1,0,3,0,1,2,0.0,13,1,25.5,GOOD,2,71.1,SYNTHETIC_DEMO
-98.0,4.0,6,0,1,0,0,3,0.0,19,0,0.0,POOR,0,33.7,SYNTHETIC_DEMO
-32.9,100.0,6,0,3,0,0,3,0.0,5,1,55.0,EXCELLENT,3,79.7,SYNTHETIC_DEMO
-84.5,31.0,6,0,4,0,0,2,0.0,25,1,10.5,POOR,0,66.2,SYNTHETIC_DEMO
-88.0,24.0,48,1,4,0,0,2,0.0,25,1,7.0,POOR,0,71.6,SYNTHETIC_DEMO
-50.7,98.6,11,0,4,0,0,5,0.0,7,1,44.3,EXCELLENT,3,83.6,SYNTHETIC_DEMO
-32.0,100.0,1,0,0,1,0,4,0.0,5,1,55.0,POOR,0,56.7,SYNTHETIC_DEMO
-45.6,100.0,6,0,4,0,0,2,0.0,17,1,49.4,EXCELLENT,3,89.4,SYNTHETIC_DEMO
-57.1,85.8,6,0,3,0,0,5,0.0,25,1,37.9,GOOD,2,72.7,SYNTHETIC_DEMO
-56.7,86.6,11,0,0,1,0,2,0.0,7,1,38.3,FAIR,1,55.6,SYNTHETIC_DEMO
-53.1,93.8,11,0,3,0,0,2,0.0,24,1,41.9,EXCELLENT,3,83.6,SYNTHETIC_DEMO
-54.4,91.2,11,0,0,1,0,4,0.0,5,1,40.6,POOR,0,49.6,SYNTHETIC_DEMO
-61.1,77.8,1,0,3,0,0,4,0.0,8,1,33.9,GOOD,2,73.2,SYNTHETIC_DEMO
-63.5,73.0,6,0,3,0,0,2,0.0,25,1,31.5,EXCELLENT,3,80.9,SYNTHETIC_DEMO
-65.9,68.2,1,0,3,0,0,6,0.0,16,1,29.1,GOOD,2,64.4,SYNTHETIC_DEMO
-75.6,48.8,6,0,3,0,0,3,0.0,4,0,19.4,FAIR,1,59.8,SYNTHETIC_DEMO
-68.9,62.2,40,1,4,0,0,2,0.0,20,1,26.1,EXCELLENT,3,81.9,SYNTHETIC_DEMO
-88.7,22.6,1,0,3,0,0,1,0.0,8,0,6.3,POOR,0,56.6,SYNTHETIC_DEMO
-66.4,67.2,1,0,3,0,0,1,0.0,7,1,28.6,GOOD,2,72.3,SYNTHETIC_DEMO
-78.8,42.4,9,0,4,0,0,2,2.0,16,0,16.2,GOOD,2,65.9,SYNTHETIC_DEMO
-80.5,39.0,9,0,4,0,0,0,2.2,19,1,14.5,GOOD,2,68.2,SYNTHETIC_DEMO
-62.5,75.0,6,0,0,1,0,4,0.0,13,1,32.5,POOR,0,45.6,SYNTHETIC_DEMO
-45.5,100.0,161,1,3,0,0,0,0.0,3,1,49.5,EXCELLENT,3,95.5,SYNTHETIC_DEMO
-52.1,95.8,36,1,3,0,0,3,0.0,12,1,42.9,EXCELLENT,3,82.3,SYNTHETIC_DEMO
-87.0,26.0,6,0,0,1,0,1,0.0,11,0,8.0,POOR,0,29.7,SYNTHETIC_DEMO
-78.9,42.2,8,0,3,0,0,2,2.2,22,1,16.1,GOOD,2,64.1,SYNTHETIC_DEMO
-51.8,96.4,1,0,4,0,0,9,0.0,14,1,43.2,GOOD,2,68.1,SYNTHETIC_DEMO
-78.8,42.4,157,1,2,0,0,0,0.0,3,1,16.2,FAIR,1,61.9,SYNTHETIC_DEMO
-68.1,63.8,1,0,4,0,0,2,0.0,20,1,26.9,GOOD,2,72.5,SYNTHETIC_DEMO
-57.3,85.4,12,0,4,0,0,6,1.1,14,1,37.7,GOOD,2,73.6,SYNTHETIC_DEMO
-78.6,42.8,6,0,4,0,0,5,0.0,4,1,16.4,GOOD,2,65.3,SYNTHETIC_DEMO
-63.5,73.0,11,0,3,0,0,1,0.0,3,1,31.5,EXCELLENT,3,78.7,SYNTHETIC_DEMO
-83.7,32.6,6,0,4,0,0,1,0.0,3,1,11.3,POOR,0,76.4,SYNTHETIC_DEMO
-73.4,53.2,11,0,3,0,0,4,0.0,3,1,21.6,GOOD,2,68.1,SYNTHETIC_DEMO
-60.5,79.0,1,0,3,0,0,0,0.0,24,1,34.5,EXCELLENT,3,79.9,SYNTHETIC_DEMO
-87.3,25.4,40,1,0,1,0,2,0.0,14,1,7.7,POOR,0,35.9,SYNTHETIC_DEMO
-58.8,82.4,7,0,0,1,0,1,2.1,9,1,36.2,FAIR,1,61.6,SYNTHETIC_DEMO
-65.3,69.4,5,0,3,0,0,2,1.7,6,1,29.7,GOOD,2,75.5,SYNTHETIC_DEMO
-57.3,85.4,44,1,3,0,0,3,0.0,23,0,37.7,EXCELLENT,3,83.1,SYNTHETIC_DEMO
-61.9,76.2,11,0,3,0,0,2,0.0,22,1,33.1,GOOD,2,77.5,SYNTHETIC_DEMO
-45.9,100.0,11,0,2,0,0,8,0.0,6,0,49.1,FAIR,1,61.2,SYNTHETIC_DEMO
-63.2,73.6,1,0,3,0,0,2,0.0,17,1,31.8,GOOD,2,71.9,SYNTHETIC_DEMO
-71.0,58.0,6,0,0,1,0,1,0.0,3,0,24.0,POOR,0,46.6,SYNTHETIC_DEMO
-63.3,73.4,157,1,4,0,0,0,0.0,8,1,31.7,EXCELLENT,3,90.9,SYNTHETIC_DEMO
-57.4,85.2,11,0,0,1,0,2,0.0,16,1,37.6,FAIR,1,52.7,SYNTHETIC_DEMO
-64.3,71.4,6,0,2,0,0,2,0.0,16,1,30.7,GOOD,2,64.0,SYNTHETIC_DEMO
-64.4,71.2,1,0,3,0,0,1,0.0,12,1,30.6,EXCELLENT,3,82.3,SYNTHETIC_DEMO
-74.8,50.4,6,0,3,0,0,4,0.0,9,0,20.2,FAIR,1,61.5,SYNTHETIC_DEMO
-74.3,51.4,149,1,3,0,0,1,0.0,25,1,20.7,EXCELLENT,3,82.0,SYNTHETIC_DEMO
-84.6,30.8,6,0,3,0,0,1,0.0,25,1,10.4,POOR,0,58.4,SYNTHETIC_DEMO
-40.5,100.0,1,0,4,0,0,2,0.0,24,1,54.5,EXCELLENT,3,89.0,SYNTHETIC_DEMO
-82.4,35.2,157,1,3,0,0,1,0.0,14,0,12.6,POOR,0,63.5,SYNTHETIC_DEMO
-74.7,50.6,1,0,0,1,0,2,0.0,21,1,20.3,POOR,0,39.7,SYNTHETIC_DEMO
-75.1,49.8,157,1,3,0,0,1,0.0,11,1,19.9,GOOD,2,72.7,SYNTHETIC_DEMO
-52.5,95.0,157,1,4,0,0,0,0.0,5,1,42.5,EXCELLENT,3,99.2,SYNTHETIC_DEMO
-69.1,61.8,40,1,3,0,0,0,0.0,6,1,25.9,EXCELLENT,3,82.4,SYNTHETIC_DEMO
-47.5,100.0,11,0,0,1,0,2,0.0,15,0,47.5,FAIR,1,56.6,SYNTHETIC_DEMO
-74.4,51.2,6,0,3,0,0,4,0.0,12,1,20.6,FAIR,1,57.4,SYNTHETIC_DEMO
-61.1,77.8,161,1,3,0,0,0,0.0,16,1,33.9,EXCELLENT,3,91.7,SYNTHETIC_DEMO
-76.7,46.6,1,0,3,0,0,3,0.0,8,1,18.3,GOOD,2,63.9,SYNTHETIC_DEMO
-35.0,100.0,6,0,0,1,0,3,0.0,10,0,55.0,POOR,0,53.1,SYNTHETIC_DEMO
-81.6,36.8,48,1,2,0,0,0,0.0,21,1,13.4,GOOD,2,63.7,SYNTHETIC_DEMO
-60.7,78.6,149,1,3,0,0,0,0.0,12,0,34.3,EXCELLENT,3,86.1,SYNTHETIC_DEMO
-56.1,87.8,1,0,3,0,0,3,0.0,24,1,38.9,EXCELLENT,3,78.2,SYNTHETIC_DEMO
-59.2,81.6,3,0,3,0,0,3,1.4,7,0,35.8,GOOD,2,73.3,SYNTHETIC_DEMO
-67.6,64.8,6,0,3,0,0,2,0.0,7,1,27.4,GOOD,2,69.8,SYNTHETIC_DEMO
-66.8,66.4,149,1,3,0,0,1,0.0,7,1,28.2,EXCELLENT,3,83.3,SYNTHETIC_DEMO
-64.4,71.2,153,1,4,0,0,0,0.0,11,0,30.6,EXCELLENT,3,84.9,SYNTHETIC_DEMO
-67.1,65.8,11,0,4,0,0,4,0.0,25,1,27.9,GOOD,2,72.4,SYNTHETIC_DEMO
-51.5,97.0,6,0,3,0,0,3,0.0,11,1,43.5,EXCELLENT,3,84.3,SYNTHETIC_DEMO
-34.1,100.0,48,1,0,1,0,2,0.0,17,0,55.0,FAIR,1,67.2,SYNTHETIC_DEMO
-72.8,54.4,11,0,0,1,1,4,0.0,11,1,22.2,POOR,0,42.0,SYNTHETIC_DEMO
-84.2,31.6,1,0,3,0,0,1,0.0,16,1,10.8,POOR,0,67.0,SYNTHETIC_DEMO
-66.2,67.6,157,1,2,0,0,0,0.0,8,1,28.8,GOOD,2,72.7,SYNTHETIC_DEMO
-32.0,100.0,1,0,4,0,0,4,0.0,24,1,55.0,EXCELLENT,3,81.6,SYNTHETIC_DEMO
-76.3,47.4,1,0,2,0,0,3,0.0,22,0,18.7,FAIR,1,57.2,SYNTHETIC_DEMO
-42.1,100.0,1,0,3,0,0,5,0.0,10,1,52.9,EXCELLENT,3,83.1,SYNTHETIC_DEMO
-41.5,100.0,1,0,3,0,0,0,0.0,4,1,53.5,EXCELLENT,3,88.0,SYNTHETIC_DEMO
-72.8,54.4,149,1,3,0,0,1,0.0,7,1,22.2,EXCELLENT,3,79.6,SYNTHETIC_DEMO
-57.0,86.0,1,0,1,0,0,1,0.0,19,1,38.0,POOR,0,61.9,SYNTHETIC_DEMO
-42.2,100.0,40,1,3,0,0,2,0.0,12,1,52.8,EXCELLENT,3,95.1,SYNTHETIC_DEMO
-70.3,59.4,1,0,3,0,0,2,0.0,16,1,24.7,GOOD,2,69.8,SYNTHETIC_DEMO
-67.9,64.2,6,0,4,0,0,6,0.0,20,1,27.1,GOOD,2,75.2,SYNTHETIC_DEMO
-73.1,53.8,5,0,0,1,0,1,3.2,3,1,21.9,POOR,0,44.2,SYNTHETIC_DEMO
-79.2,41.6,1,0,4,0,0,4,0.0,24,1,15.8,GOOD,2,71.2,SYNTHETIC_DEMO
-74.1,51.8,10,0,4,0,0,4,1.1,4,1,20.9,GOOD,2,66.3,SYNTHETIC_DEMO
-82.1,35.8,1,0,3,0,0,1,0.0,6,1,12.9,POOR,0,66.5,SYNTHETIC_DEMO
-64.5,71.0,11,0,3,0,0,2,0.0,15,1,30.5,GOOD,2,72.5,SYNTHETIC_DEMO
-75.8,48.4,6,0,0,1,1,3,0.0,18,1,19.2,POOR,0,39.9,SYNTHETIC_DEMO
-61.7,76.6,153,1,4,0,0,1,0.0,7,0,33.3,EXCELLENT,3,90.3,SYNTHETIC_DEMO
-86.8,26.4,40,1,3,0,0,1,0.0,25,1,8.2,POOR,0,74.2,SYNTHETIC_DEMO
-60.4,79.2,36,1,3,0,0,2,0.0,12,1,34.6,EXCELLENT,3,84.8,SYNTHETIC_DEMO
-53.3,93.4,1,0,3,0,0,3,0.0,19,0,41.7,EXCELLENT,3,81.3,SYNTHETIC_DEMO
-92.9,14.2,1,0,0,1,0,1,0.0,13,1,2.1,POOR,0,31.4,SYNTHETIC_DEMO
-59.8,80.4,40,1,4,0,0,2,0.0,7,1,35.2,EXCELLENT,3,90.4,SYNTHETIC_DEMO
-47.8,100.0,6,0,0,1,0,4,0.0,17,0,47.2,POOR,0,53.1,SYNTHETIC_DEMO
-81.9,36.2,6,0,3,0,0,0,0.0,6,1,13.1,GOOD,2,68.0,SYNTHETIC_DEMO
-41.6,100.0,161,1,3,0,0,1,0.0,9,1,53.4,EXCELLENT,3,93.3,SYNTHETIC_DEMO
-59.1,81.8,40,1,4,0,0,1,0.0,12,1,35.9,EXCELLENT,3,90.4,SYNTHETIC_DEMO
-74.9,50.2,9,0,3,0,0,5,2.1,25,0,20.1,FAIR,1,56.6,SYNTHETIC_DEMO
-65.8,68.4,11,0,3,0,0,2,0.0,6,0,29.2,GOOD,2,71.4,SYNTHETIC_DEMO
-57.2,85.6,161,1,3,0,0,1,0.0,22,0,37.8,EXCELLENT,3,84.6,SYNTHETIC_DEMO
-63.9,72.2,3,0,3,0,0,7,2.5,7,1,31.1,GOOD,2,64.3,SYNTHETIC_DEMO
-57.5,85.0,40,1,0,1,0,0,0.0,7,1,37.5,FAIR,1,65.3,SYNTHETIC_DEMO
-77.9,44.2,36,1,2,0,0,2,0.0,13,1,17.1,GOOD,2,62.1,SYNTHETIC_DEMO
-62.6,74.8,157,1,3,0,0,0,0.0,21,1,32.4,EXCELLENT,3,81.8,SYNTHETIC_DEMO
-84.8,30.4,1,0,3,0,0,2,0.0,7,0,10.2,POOR,0,60.5,SYNTHETIC_DEMO
-66.6,66.8,11,0,2,0,0,2,0.0,23,1,28.4,GOOD,2,65.6,SYNTHETIC_DEMO
-77.7,44.6,40,1,3,0,1,1,0.0,10,1,17.3,GOOD,2,69.2,SYNTHETIC_DEMO
-75.3,49.4,6,0,3,0,0,6,0.0,9,1,19.7,GOOD,2,65.3,SYNTHETIC_DEMO
-47.7,100.0,153,1,4,0,0,0,0.0,10,1,47.3,EXCELLENT,3,93.1,SYNTHETIC_DEMO
-49.7,100.0,10,0,4,0,0,1,3.2,15,1,45.3,EXCELLENT,3,90.4,SYNTHETIC_DEMO
-56.5,87.0,6,0,3,0,0,3,0.0,7,1,38.5,EXCELLENT,3,81.0,SYNTHETIC_DEMO
-80.3,39.4,153,1,3,0,0,0,0.0,20,1,14.7,GOOD,2,75.4,SYNTHETIC_DEMO
-69.4,61.2,40,1,3,0,0,2,0.0,11,1,25.6,GOOD,2,77.5,SYNTHETIC_DEMO
-48.0,100.0,157,1,0,1,0,1,0.0,4,0,47.0,FAIR,1,67.5,SYNTHETIC_DEMO
-63.0,74.0,48,1,3,0,0,2,0.0,18,0,32.0,EXCELLENT,3,82.1,SYNTHETIC_DEMO
-32.5,100.0,11,0,3,0,0,2,0.0,16,1,55.0,EXCELLENT,3,83.4,SYNTHETIC_DEMO
-59.5,81.0,153,1,3,0,0,1,0.0,19,0,35.5,EXCELLENT,3,85.0,SYNTHETIC_DEMO
-62.3,75.4,153,1,4,0,0,1,0.0,8,1,32.7,EXCELLENT,3,88.6,SYNTHETIC_DEMO
-69.3,61.4,6,0,3,0,0,2,0.0,5,1,25.7,GOOD,2,68.8,SYNTHETIC_DEMO
-63.1,73.8,11,0,3,0,0,0,0.0,19,1,31.9,EXCELLENT,3,83.0,SYNTHETIC_DEMO
-67.1,65.8,6,0,3,0,0,5,0.0,15,1,27.9,GOOD,2,65.3,SYNTHETIC_DEMO
-55.1,89.8,11,0,3,0,0,1,0.0,8,1,39.9,EXCELLENT,3,79.7,SYNTHETIC_DEMO
-51.6,96.8,161,1,3,0,0,0,0.0,10,1,43.4,EXCELLENT,3,92.3,SYNTHETIC_DEMO
-76.0,48.0,11,0,3,0,0,1,0.0,8,1,19.0,GOOD,2,67.2,SYNTHETIC_DEMO
-83.6,32.8,11,0,3,0,0,5,0.0,18,1,11.4,POOR,0,58.6,SYNTHETIC_DEMO
-90.7,18.6,11,0,3,0,0,2,0.0,8,1,4.3,POOR,0,57.6,SYNTHETIC_DEMO
-57.9,84.2,11,0,4,0,0,2,0.0,19,1,37.1,EXCELLENT,3,89.2,SYNTHETIC_DEMO
-80.4,39.2,6,0,3,0,0,2,0.0,23,1,14.6,GOOD,2,62.3,SYNTHETIC_DEMO
-95.1,9.8,1,0,0,1,0,1,0.0,5,1,0.0,POOR,0,33.9,SYNTHETIC_DEMO
-59.6,80.8,149,1,3,0,0,0,0.0,25,1,35.4,EXCELLENT,3,96.8,SYNTHETIC_DEMO
-32.0,100.0,11,0,3,0,0,1,0.0,14,1,55.0,EXCELLENT,3,88.9,SYNTHETIC_DEMO
-65.1,69.8,6,0,2,0,0,8,0.0,8,1,29.9,FAIR,1,54.4,SYNTHETIC_DEMO
-53.3,93.4,11,0,3,0,0,10,0.0,23,1,41.7,GOOD,2,69.8,SYNTHETIC_DEMO
-63.9,72.2,157,1,4,0,0,1,0.0,9,0,31.1,EXCELLENT,3,81.8,SYNTHETIC_DEMO
-66.4,67.2,11,0,4,0,0,3,0.0,13,1,28.6,EXCELLENT,3,78.7,SYNTHETIC_DEMO
-52.1,95.8,40,1,2,0,0,0,0.0,11,1,42.9,GOOD,2,84.4,SYNTHETIC_DEMO
-69.1,61.8,36,1,4,0,0,0,0.0,18,1,25.9,EXCELLENT,3,85.9,SYNTHETIC_DEMO
-61.3,77.4,149,1,3,0,0,1,0.0,7,1,33.7,EXCELLENT,3,82.2,SYNTHETIC_DEMO
-60.5,79.0,1,0,3,0,0,3,0.0,17,1,34.5,EXCELLENT,3,78.1,SYNTHETIC_DEMO
-74.4,51.2,44,1,3,0,0,0,0.0,23,0,20.6,GOOD,2,73.0,SYNTHETIC_DEMO
-51.1,97.8,11,0,4,0,0,0,0.0,6,1,43.9,EXCELLENT,3,100.0,SYNTHETIC_DEMO
-67.4,65.2,40,1,3,0,0,0,0.0,7,0,27.6,EXCELLENT,3,81.2,SYNTHETIC_DEMO
-75.6,48.8,1,0,3,0,0,2,0.0,9,1,19.4,GOOD,2,64.0,SYNTHETIC_DEMO
-57.5,85.0,10,0,3,0,0,0,2.4,5,1,37.5,EXCELLENT,3,79.6,SYNTHETIC_DEMO
-77.6,44.8,11,0,3,0,0,6,0.0,6,0,17.4,FAIR,1,54.6,SYNTHETIC_DEMO
-64.6,70.8,9,0,2,0,0,5,1.8,17,0,30.4,FAIR,1,61.3,SYNTHETIC_DEMO
-65.1,69.8,40,1,4,0,0,1,0.0,4,0,29.9,EXCELLENT,3,82.6,SYNTHETIC_DEMO
-49.8,100.0,6,0,3,0,0,3,0.0,7,0,45.2,EXCELLENT,3,81.1,SYNTHETIC_DEMO
-58.4,83.2,4,0,3,0,0,1,2.0,9,1,36.6,GOOD,2,77.3,SYNTHETIC_DEMO
-65.4,69.2,6,0,0,1,0,2,0.0,24,1,29.6,POOR,0,51.3,SYNTHETIC_DEMO
-53.6,92.8,157,1,3,0,0,1,0.0,19,1,41.4,EXCELLENT,3,88.7,SYNTHETIC_DEMO
-45.5,100.0,161,1,1,0,0,2,0.0,10,1,49.5,POOR,0,67.2,SYNTHETIC_DEMO
-57.2,85.6,161,1,0,1,0,2,0.0,11,1,37.8,FAIR,1,60.0,SYNTHETIC_DEMO
-64.9,70.2,36,1,3,0,0,0,0.0,12,1,30.1,EXCELLENT,3,83.7,SYNTHETIC_DEMO
-83.4,33.2,1,0,3,0,0,2,0.0,13,1,11.6,POOR,0,60.4,SYNTHETIC_DEMO
-79.9,40.2,1,0,3,0,0,5,0.0,3,1,15.1,FAIR,1,56.5,SYNTHETIC_DEMO
-69.3,61.4,40,1,0,1,0,0,0.0,17,1,25.7,POOR,0,60.0,SYNTHETIC_DEMO
-73.5,53.0,10,0,3,0,0,4,1.4,10,1,21.5,FAIR,1,61.7,SYNTHETIC_DEMO
-67.6,64.8,1,0,2,0,0,4,0.0,21,1,27.4,FAIR,1,55.5,SYNTHETIC_DEMO
-64.2,71.6,11,0,4,0,0,1,0.0,14,1,30.8,EXCELLENT,3,81.5,SYNTHETIC_DEMO
-57.6,84.8,11,0,3,0,0,0,0.0,8,1,37.4,EXCELLENT,3,84.8,SYNTHETIC_DEMO
-66.0,68.0,6,0,3,0,0,1,0.0,12,1,29.0,GOOD,2,72.6,SYNTHETIC_DEMO
-58.2,83.6,44,1,3,0,0,0,0.0,7,1,36.8,EXCELLENT,3,94.1,SYNTHETIC_DEMO
-64.1,71.8,11,0,0,1,0,4,0.0,9,0,30.9,POOR,0,46.9,SYNTHETIC_DEMO
-92.7,14.6,11,0,4,0,0,1,0.0,9,1,2.3,POOR,0,67.2,SYNTHETIC_DEMO
-78.2,43.6,11,0,3,0,0,4,0.0,25,1,16.8,GOOD,2,62.6,SYNTHETIC_DEMO
-67.0,66.0,48,1,3,0,0,2,0.0,24,1,28.0,GOOD,2,72.4,SYNTHETIC_DEMO
-81.9,36.2,10,0,3,0,0,1,1.0,24,1,13.1,GOOD,2,68.6,SYNTHETIC_DEMO
-56.6,86.8,36,1,0,1,0,0,0.0,11,1,38.4,FAIR,1,62.8,SYNTHETIC_DEMO
-43.6,100.0,44,1,4,0,0,2,0.0,17,1,51.4,EXCELLENT,3,93.3,SYNTHETIC_DEMO
-47.9,100.0,11,0,3,0,0,7,0.0,8,1,47.1,GOOD,2,75.1,SYNTHETIC_DEMO
-68.0,64.0,157,1,3,0,0,2,0.0,18,1,27.0,EXCELLENT,3,82.1,SYNTHETIC_DEMO
-44.1,100.0,149,1,0,1,0,0,0.0,9,0,50.9,FAIR,1,71.2,SYNTHETIC_DEMO
-62.9,74.2,40,1,2,0,0,3,0.0,17,1,32.1,GOOD,2,72.1,SYNTHETIC_DEMO
-69.7,60.6,48,1,4,0,1,0,0.0,25,1,25.3,EXCELLENT,3,82.3,SYNTHETIC_DEMO
-73.6,52.8,11,0,3,0,0,2,0.0,4,1,21.4,GOOD,2,68.1,SYNTHETIC_DEMO
-69.2,61.6,6,0,3,0,0,3,0.0,10,1,25.8,GOOD,2,71.0,SYNTHETIC_DEMO
-70.4,59.2,6,0,0,1,0,3,0.0,14,1,24.6,POOR,0,43.7,SYNTHETIC_DEMO
-62.6,74.8,6,0,3,0,0,4,0.0,13,1,32.4,GOOD,2,75.0,SYNTHETIC_DEMO
-62.8,74.4,149,1,3,0,0,0,0.0,8,1,32.2,EXCELLENT,3,88.5,SYNTHETIC_DEMO
-65.0,70.0,6,0,3,0,0,1,0.0,22,1,30.0,EXCELLENT,3,79.1,SYNTHETIC_DEMO
-58.9,82.2,161,1,3,0,0,4,0.0,15,1,36.1,GOOD,2,72.4,SYNTHETIC_DEMO
-48.3,100.0,161,1,3,0,0,0,0.0,25,1,46.7,EXCELLENT,3,95.4,SYNTHETIC_DEMO
-51.7,96.6,44,1,3,0,0,1,0.0,18,1,43.3,EXCELLENT,3,91.3,SYNTHETIC_DEMO
-85.8,28.4,153,1,4,0,0,5,0.0,10,1,9.2,POOR,0,64.4,SYNTHETIC_DEMO
-98.0,4.0,1,0,2,0,0,1,0.0,19,1,0.0,POOR,0,41.9,SYNTHETIC_DEMO
-51.9,96.2,6,0,3,0,0,5,0.0,15,1,43.1,GOOD,2,73.7,SYNTHETIC_DEMO
-84.1,31.8,1,0,3,0,0,2,0.0,6,1,10.9,POOR,0,63.1,SYNTHETIC_DEMO
-68.1,63.8,11,0,3,0,0,9,0.0,22,1,26.9,FAIR,1,56.5,SYNTHETIC_DEMO
-81.4,37.2,6,0,3,0,0,1,0.0,12,1,13.6,GOOD,2,67.5,SYNTHETIC_DEMO
-90.2,19.6,11,0,4,0,0,5,0.0,24,0,4.8,POOR,0,51.8,SYNTHETIC_DEMO
-57.4,85.2,44,1,3,0,0,0,0.0,22,1,37.6,EXCELLENT,3,94.1,SYNTHETIC_DEMO
-54.4,91.2,1,0,3,0,0,4,0.0,18,0,40.6,EXCELLENT,3,79.1,SYNTHETIC_DEMO
-73.1,53.8,1,0,3,0,0,4,0.0,19,1,21.9,GOOD,2,65.9,SYNTHETIC_DEMO
-98.0,4.0,157,1,2,0,0,2,0.0,10,1,0.0,POOR,0,46.4,SYNTHETIC_DEMO
-72.6,54.8,6,0,0,1,0,5,0.0,13,1,22.4,POOR,0,40.7,SYNTHETIC_DEMO
-59.5,81.0,2,0,3,0,0,4,2.3,7,1,35.5,GOOD,2,72.3,SYNTHETIC_DEMO
-85.7,28.6,40,1,2,0,0,0,0.0,23,0,9.3,POOR,0,58.7,SYNTHETIC_DEMO
-62.4,75.2,6,0,3,0,0,3,0.0,18,1,32.6,GOOD,2,77.8,SYNTHETIC_DEMO
-65.2,69.6,44,1,3,0,0,0,0.0,10,1,29.8,EXCELLENT,3,88.6,SYNTHETIC_DEMO
-56.9,86.2,11,0,3,0,0,5,0.0,23,1,38.1,GOOD,2,70.4,SYNTHETIC_DEMO
-63.3,73.4,40,1,3,0,0,1,0.0,18,1,31.7,EXCELLENT,3,80.3,SYNTHETIC_DEMO
-78.6,42.8,6,0,3,0,0,4,0.0,6,0,16.4,FAIR,1,56.8,SYNTHETIC_DEMO
-48.2,100.0,1,0,0,1,0,2,0.0,8,1,46.8,FAIR,1,56.1,SYNTHETIC_DEMO
-67.2,65.6,1,0,3,0,0,4,0.0,23,1,27.8,GOOD,2,69.0,SYNTHETIC_DEMO
-65.4,69.2,161,1,3,0,1,0,0.0,10,1,29.6,EXCELLENT,3,83.0,SYNTHETIC_DEMO
-78.1,43.8,1,0,3,0,0,3,0.0,11,0,16.9,FAIR,1,61.7,SYNTHETIC_DEMO
-71.2,57.6,6,0,3,0,0,5,0.0,15,0,23.8,FAIR,1,60.6,SYNTHETIC_DEMO
-77.4,45.2,161,1,3,0,0,1,0.0,19,0,17.6,GOOD,2,75.0,SYNTHETIC_DEMO
-67.4,65.2,157,1,2,0,0,0,0.0,11,1,27.6,GOOD,2,73.2,SYNTHETIC_DEMO
-41.0,100.0,11,0,3,0,0,2,0.0,15,1,54.0,EXCELLENT,3,86.6,SYNTHETIC_DEMO
-84.2,31.6,153,1,0,1,0,0,0.0,11,1,10.8,POOR,0,49.5,SYNTHETIC_DEMO
-87.6,24.8,6,0,4,0,0,1,0.0,8,1,7.4,POOR,0,66.1,SYNTHETIC_DEMO
-44.4,100.0,11,0,3,0,0,1,0.0,12,1,50.6,EXCELLENT,3,94.0,SYNTHETIC_DEMO
-67.9,64.2,10,0,3,0,0,3,1.2,7,1,27.1,GOOD,2,67.7,SYNTHETIC_DEMO
-74.4,51.2,40,1,3,0,0,0,0.0,9,1,20.6,EXCELLENT,3,83.9,SYNTHETIC_DEMO
-50.4,99.2,149,1,1,0,0,2,0.0,13,1,44.6,POOR,0,67.4,SYNTHETIC_DEMO
-73.5,53.0,11,0,3,0,0,7,0.0,11,0,21.5,FAIR,1,57.7,SYNTHETIC_DEMO
-39.4,100.0,6,0,0,1,0,1,0.0,12,1,55.0,FAIR,1,60.9,SYNTHETIC_DEMO
-55.5,89.0,1,0,1,0,1,2,0.0,13,1,39.5,POOR,0,62.1,SYNTHETIC_DEMO
-71.8,56.4,161,1,3,0,0,1,0.0,5,1,23.2,GOOD,2,76.1,SYNTHETIC_DEMO
-34.8,100.0,36,1,3,0,0,3,0.0,10,1,55.0,EXCELLENT,3,89.3,SYNTHETIC_DEMO
-73.5,53.0,11,0,3,0,0,3,0.0,19,0,21.5,GOOD,2,63.0,SYNTHETIC_DEMO
-54.6,90.8,36,1,3,0,0,0,0.0,9,1,40.4,EXCELLENT,3,94.6,SYNTHETIC_DEMO
-60.8,78.4,149,1,3,0,0,1,0.0,14,1,34.2,EXCELLENT,3,83.3,SYNTHETIC_DEMO
-46.8,100.0,6,0,3,0,1,2,0.0,18,1,48.2,EXCELLENT,3,87.7,SYNTHETIC_DEMO
-43.1,100.0,6,0,0,1,0,2,0.0,17,1,51.9,FAIR,1,57.6,SYNTHETIC_DEMO
-64.6,70.8,1,0,3,0,0,5,0.0,23,1,30.4,GOOD,2,64.7,SYNTHETIC_DEMO
-75.5,49.0,40,1,3,0,0,1,0.0,15,1,19.5,GOOD,2,77.8,SYNTHETIC_DEMO
-58.6,82.8,36,1,3,0,0,2,0.0,20,1,36.4,EXCELLENT,3,82.8,SYNTHETIC_DEMO
-74.5,51.0,1,0,3,0,0,0,0.0,20,1,20.5,GOOD,2,72.8,SYNTHETIC_DEMO
-36.8,100.0,157,1,4,0,0,0,0.0,7,0,55.0,EXCELLENT,3,97.0,SYNTHETIC_DEMO
-63.1,73.8,11,0,4,0,1,1,0.0,16,1,31.9,GOOD,2,76.7,SYNTHETIC_DEMO
-70.1,59.8,6,0,3,0,0,5,0.0,13,0,24.9,GOOD,2,62.7,SYNTHETIC_DEMO
-62.4,75.2,36,1,3,0,0,0,0.0,5,0,32.6,EXCELLENT,3,88.1,SYNTHETIC_DEMO
-83.9,32.2,149,1,3,0,0,2,0.0,19,1,11.1,POOR,0,69.9,SYNTHETIC_DEMO
-78.6,42.8,6,0,3,0,0,1,0.0,25,1,16.4,GOOD,2,68.5,SYNTHETIC_DEMO
-48.2,100.0,7,0,3,0,0,4,3.4,14,1,46.8,EXCELLENT,3,79.4,SYNTHETIC_DEMO
-74.2,51.6,5,0,3,0,0,3,1.7,5,1,20.8,FAIR,1,60.7,SYNTHETIC_DEMO
-79.7,40.6,6,0,4,0,0,3,0.0,25,1,15.3,GOOD,2,66.6,SYNTHETIC_DEMO
-57.5,85.0,6,0,3,0,0,2,0.0,4,1,37.5,EXCELLENT,3,81.5,SYNTHETIC_DEMO
-48.4,100.0,11,0,3,0,0,2,0.0,6,1,46.6,EXCELLENT,3,85.2,SYNTHETIC_DEMO
-54.9,90.2,48,1,3,0,0,2,0.0,20,1,40.1,EXCELLENT,3,86.4,SYNTHETIC_DEMO
-51.1,97.8,6,0,4,0,0,5,0.0,22,1,43.9,EXCELLENT,3,79.6,SYNTHETIC_DEMO
-75.6,48.8,48,1,3,0,0,1,0.0,23,1,19.4,GOOD,2,68.6,SYNTHETIC_DEMO
-84.9,30.2,149,1,3,0,0,1,0.0,16,1,10.1,POOR,0,70.8,SYNTHETIC_DEMO
-44.0,100.0,1,0,3,0,0,4,0.0,10,1,51.0,EXCELLENT,3,81.9,SYNTHETIC_DEMO
-69.5,61.0,6,0,4,0,0,6,0.0,4,0,25.5,GOOD,2,68.9,SYNTHETIC_DEMO
-68.5,63.0,44,1,0,1,0,0,0.0,21,1,26.5,POOR,0,55.7,SYNTHETIC_DEMO
-46.4,100.0,6,0,4,0,0,2,0.0,12,1,48.6,EXCELLENT,3,88.5,SYNTHETIC_DEMO
-57.2,85.6,40,1,3,0,0,0,0.0,7,1,37.8,EXCELLENT,3,90.0,SYNTHETIC_DEMO
-58.6,82.8,48,1,3,0,0,1,0.0,13,1,36.4,EXCELLENT,3,89.3,SYNTHETIC_DEMO
-34.7,100.0,44,1,3,0,0,1,0.0,11,1,55.0,EXCELLENT,3,92.1,SYNTHETIC_DEMO
-74.0,52.0,48,1,3,0,0,1,0.0,18,1,21.0,EXCELLENT,3,78.4,SYNTHETIC_DEMO
-52.0,96.0,1,0,0,1,0,2,0.0,7,0,43.0,FAIR,1,54.2,SYNTHETIC_DEMO
-64.2,71.6,6,0,4,0,0,3,0.0,17,1,30.8,EXCELLENT,3,78.0,SYNTHETIC_DEMO
-61.2,77.6,6,0,3,0,0,3,0.0,16,1,33.8,GOOD,2,75.3,SYNTHETIC_DEMO
-43.6,100.0,1,0,3,0,0,4,0.0,11,1,51.4,EXCELLENT,3,84.9,SYNTHETIC_DEMO
-57.9,84.2,1,0,1,0,0,2,0.0,22,1,37.1,POOR,0,60.7,SYNTHETIC_DEMO
-57.5,85.0,11,0,3,0,0,2,0.0,7,1,37.5,EXCELLENT,3,85.6,SYNTHETIC_DEMO
-50.0,100.0,157,1,3,0,0,1,0.0,17,1,45.0,EXCELLENT,3,88.8,SYNTHETIC_DEMO
-70.1,59.8,1,0,3,0,0,1,0.0,11,0,24.9,GOOD,2,72.1,SYNTHETIC_DEMO
-76.7,46.6,6,0,3,0,0,4,0.0,6,1,18.3,GOOD,2,63.0,SYNTHETIC_DEMO
-79.6,40.8,11,0,3,0,0,1,0.0,23,1,15.4,GOOD,2,68.9,SYNTHETIC_DEMO
-92.5,15.0,1,0,4,0,1,4,0.0,23,1,2.5,POOR,0,51.0,SYNTHETIC_DEMO
-36.2,100.0,6,0,3,0,0,7,0.0,6,0,55.0,GOOD,2,77.7,SYNTHETIC_DEMO
-80.4,39.2,1,0,4,0,0,4,0.0,22,1,14.6,GOOD,2,65.0,SYNTHETIC_DEMO
-68.1,63.8,1,0,0,1,0,2,0.0,23,1,26.9,POOR,0,44.7,SYNTHETIC_DEMO
-68.9,62.2,1,0,3,0,0,2,0.0,24,0,26.1,GOOD,2,70.3,SYNTHETIC_DEMO
-60.7,78.6,36,1,3,0,0,1,0.0,9,1,34.3,EXCELLENT,3,84.4,SYNTHETIC_DEMO
-53.6,92.8,40,1,3,0,0,3,0.0,17,1,41.4,EXCELLENT,3,94.2,SYNTHETIC_DEMO
-53.0,94.0,161,1,4,0,0,1,0.0,24,0,42.0,EXCELLENT,3,96.8,SYNTHETIC_DEMO
-73.2,53.6,6,0,0,1,0,3,0.0,19,1,21.8,POOR,0,42.3,SYNTHETIC_DEMO
-67.3,65.4,36,1,0,1,0,0,0.0,20,1,27.7,POOR,0,57.6,SYNTHETIC_DEMO
-61.0,78.0,157,1,4,0,0,1,0.0,9,1,34.0,EXCELLENT,3,93.0,SYNTHETIC_DEMO
-68.5,63.0,6,0,3,0,0,3,0.0,21,1,26.5,GOOD,2,73.4,SYNTHETIC_DEMO
-42.5,100.0,153,1,3,0,0,0,0.0,12,1,52.5,EXCELLENT,3,86.3,SYNTHETIC_DEMO
-58.1,83.8,6,0,3,0,0,4,0.0,15,1,36.9,GOOD,2,77.5,SYNTHETIC_DEMO
-54.7,90.6,44,1,4,0,0,0,0.0,4,1,40.3,EXCELLENT,3,96.8,SYNTHETIC_DEMO
-55.7,88.6,48,1,1,0,0,0,0.0,24,1,39.3,POOR,0,67.1,SYNTHETIC_DEMO
-48.6,100.0,6,0,1,0,0,4,0.0,22,1,46.4,POOR,0,63.8,SYNTHETIC_DEMO
-62.5,75.0,157,1,3,0,0,1,0.0,13,0,32.5,EXCELLENT,3,88.8,SYNTHETIC_DEMO
-83.2,33.6,1,0,4,0,0,3,0.0,7,1,11.8,POOR,0,66.8,SYNTHETIC_DEMO
-59.4,81.2,157,1,3,0,0,0,0.0,8,0,35.6,EXCELLENT,3,89.7,SYNTHETIC_DEMO
-74.1,51.8,1,0,3,0,0,4,0.0,5,1,20.9,GOOD,2,69.7,SYNTHETIC_DEMO
-72.4,55.2,40,1,3,0,0,1,0.0,3,1,22.6,GOOD,2,74.6,SYNTHETIC_DEMO
-56.8,86.4,10,0,4,0,0,3,3.2,5,0,38.2,GOOD,2,71.3,SYNTHETIC_DEMO
-47.7,100.0,10,0,4,0,0,1,1.1,5,1,47.3,EXCELLENT,3,93.1,SYNTHETIC_DEMO
-64.7,70.6,2,0,4,0,0,6,1.6,24,1,30.3,GOOD,2,68.4,SYNTHETIC_DEMO
-60.7,78.6,44,1,0,1,0,0,0.0,6,1,34.3,POOR,0,58.4,SYNTHETIC_DEMO
-41.2,100.0,40,1,0,1,0,1,0.0,9,1,53.8,FAIR,1,67.6,SYNTHETIC_DEMO
-61.6,76.8,157,1,3,0,0,1,0.0,17,1,33.4,EXCELLENT,3,86.9,SYNTHETIC_DEMO
-32.0,100.0,149,1,4,0,0,0,0.0,13,0,55.0,EXCELLENT,3,97.6,SYNTHETIC_DEMO
-57.1,85.8,6,0,3,0,0,1,0.0,20,1,37.9,EXCELLENT,3,80.5,SYNTHETIC_DEMO
-89.7,20.6,6,0,3,0,1,3,0.0,14,0,5.3,POOR,0,49.9,SYNTHETIC_DEMO
-54.5,91.0,11,0,3,0,0,2,0.0,6,1,40.5,EXCELLENT,3,82.4,SYNTHETIC_DEMO
-59.7,80.6,1,0,0,1,0,3,0.0,13,0,35.3,POOR,0,43.8,SYNTHETIC_DEMO
-46.9,100.0,6,0,3,0,0,3,0.0,8,1,48.1,EXCELLENT,3,83.0,SYNTHETIC_DEMO
-55.6,88.8,5,0,3,0,0,3,3.0,21,0,39.4,GOOD,2,68.9,SYNTHETIC_DEMO
-66.9,66.2,1,0,3,0,0,1,0.0,20,1,28.1,GOOD,2,77.9,SYNTHETIC_DEMO
-82.1,35.8,6,0,3,0,0,1,0.0,17,0,12.9,POOR,0,58.6,SYNTHETIC_DEMO
-67.9,64.2,5,0,3,0,0,1,2.4,5,1,27.1,GOOD,2,74.7,SYNTHETIC_DEMO
-76.9,46.2,11,0,3,0,1,4,0.0,19,1,18.1,FAIR,1,58.1,SYNTHETIC_DEMO
-73.1,53.8,153,1,3,0,0,2,0.0,3,1,21.9,GOOD,2,72.8,SYNTHETIC_DEMO
-56.8,86.4,48,1,3,0,0,1,0.0,4,0,38.2,EXCELLENT,3,86.9,SYNTHETIC_DEMO
-41.6,100.0,40,1,3,0,0,0,0.0,21,1,53.4,EXCELLENT,3,92.4,SYNTHETIC_DEMO
-59.5,81.0,2,0,3,0,1,3,3.2,11,1,35.5,GOOD,2,69.8,SYNTHETIC_DEMO
-81.7,36.6,6,0,0,1,0,1,0.0,10,1,13.3,POOR,0,38.4,SYNTHETIC_DEMO
-58.8,82.4,36,1,0,1,0,0,0.0,14,1,36.2,FAIR,1,62.2,SYNTHETIC_DEMO
-48.2,100.0,1,0,3,0,0,2,0.0,17,1,46.8,EXCELLENT,3,86.8,SYNTHETIC_DEMO
-73.5,53.0,1,0,3,0,0,4,0.0,25,1,21.5,FAIR,1,61.3,SYNTHETIC_DEMO
-66.9,66.2,10,0,4,0,0,3,2.8,9,1,28.1,GOOD,2,68.6,SYNTHETIC_DEMO
-64.8,70.4,6,0,3,0,0,1,0.0,23,1,30.2,EXCELLENT,3,78.2,SYNTHETIC_DEMO
-76.0,48.0,11,0,3,0,0,4,0.0,18,0,19.0,FAIR,1,60.9,SYNTHETIC_DEMO
-55.9,88.2,1,0,3,0,0,2,0.0,9,0,39.1,EXCELLENT,3,80.0,SYNTHETIC_DEMO
-66.7,66.6,36,1,3,0,0,1,0.0,22,1,28.3,EXCELLENT,3,82.1,SYNTHETIC_DEMO
-59.1,81.8,7,0,3,0,0,4,2.8,23,1,35.9,GOOD,2,70.8,SYNTHETIC_DEMO
-77.4,45.2,6,0,2,0,0,2,0.0,14,1,17.6,FAIR,1,58.2,SYNTHETIC_DEMO
-71.1,57.8,149,1,0,1,0,0,0.0,19,1,23.9,POOR,0,55.5,SYNTHETIC_DEMO
-54.9,90.2,6,0,3,0,1,4,0.0,13,1,40.1,GOOD,2,68.7,SYNTHETIC_DEMO
-70.2,59.6,11,0,4,0,0,2,0.0,6,1,24.8,GOOD,2,71.2,SYNTHETIC_DEMO
-40.8,100.0,48,1,2,0,0,1,0.0,21,1,54.2,GOOD,2,88.6,SYNTHETIC_DEMO
-70.6,58.8,3,0,0,1,0,3,1.1,4,1,24.4,POOR,0,42.3,SYNTHETIC_DEMO
-61.9,76.2,11,0,3,0,0,8,0.0,4,1,33.1,GOOD,2,66.9,SYNTHETIC_DEMO
-51.9,96.2,4,0,3,0,0,5,1.8,19,1,43.1,GOOD,2,73.9,SYNTHETIC_DEMO
-84.9,30.2,11,0,4,0,0,2,0.0,11,1,10.1,POOR,0,66.0,SYNTHETIC_DEMO
-89.7,20.6,1,0,3,0,0,3,0.0,24,0,5.3,POOR,0,52.2,SYNTHETIC_DEMO
-86.4,27.2,48,1,4,0,0,2,0.0,3,1,8.6,POOR,0,77.5,SYNTHETIC_DEMO
-47.3,100.0,1,0,3,0,0,0,0.0,12,1,47.7,EXCELLENT,3,90.8,SYNTHETIC_DEMO
-72.7,54.6,4,0,3,0,0,3,2.5,25,1,22.3,GOOD,2,62.2,SYNTHETIC_DEMO
-32.0,100.0,11,0,3,0,0,2,0.0,17,1,55.0,EXCELLENT,3,80.6,SYNTHETIC_DEMO
-72.9,54.2,11,0,3,0,0,4,0.0,23,1,22.1,GOOD,2,71.1,SYNTHETIC_DEMO
-62.4,75.2,6,0,3,0,0,1,0.0,17,1,32.6,EXCELLENT,3,78.6,SYNTHETIC_DEMO
-43.4,100.0,1,0,2,0,0,3,0.0,25,1,51.6,GOOD,2,75.6,SYNTHETIC_DEMO
-36.9,100.0,11,0,3,0,0,3,0.0,23,1,55.0,EXCELLENT,3,86.0,SYNTHETIC_DEMO
-36.1,100.0,6,0,3,0,0,2,0.0,4,1,55.0,EXCELLENT,3,84.2,SYNTHETIC_DEMO
-48.1,100.0,1,0,4,0,0,2,0.0,16,1,46.9,EXCELLENT,3,92.6,SYNTHETIC_DEMO
-50.7,98.6,11,0,3,0,0,4,0.0,6,1,44.3,EXCELLENT,3,78.9,SYNTHETIC_DEMO
-56.7,86.6,48,1,3,0,0,2,0.0,20,1,38.3,EXCELLENT,3,82.9,SYNTHETIC_DEMO
-54.1,91.8,6,0,0,1,0,4,0.0,11,1,40.9,POOR,0,56.8,SYNTHETIC_DEMO
-72.7,54.6,6,0,3,0,0,2,0.0,4,0,22.3,GOOD,2,67.2,SYNTHETIC_DEMO
-76.5,47.0,1,0,3,0,1,2,0.0,4,1,18.5,GOOD,2,65.6,SYNTHETIC_DEMO
-65.0,70.0,149,1,4,0,0,1,0.0,20,1,30.0,EXCELLENT,3,88.5,SYNTHETIC_DEMO
-67.4,65.2,1,0,4,0,0,6,0.0,19,1,27.6,GOOD,2,71.5,SYNTHETIC_DEMO
-71.3,57.4,161,1,0,1,0,0,0.0,11,1,23.7,POOR,0,50.4,SYNTHETIC_DEMO
-55.3,89.4,153,1,4,0,0,3,0.0,10,1,39.7,EXCELLENT,3,87.9,SYNTHETIC_DEMO
-51.6,96.8,36,1,0,1,0,1,0.0,4,1,43.4,FAIR,1,65.7,SYNTHETIC_DEMO
-63.8,72.4,6,0,3,0,0,1,0.0,4,0,31.2,GOOD,2,73.6,SYNTHETIC_DEMO
-44.3,100.0,6,0,3,0,0,3,0.0,7,1,50.7,EXCELLENT,3,84.7,SYNTHETIC_DEMO
-81.0,38.0,40,1,2,0,0,0,0.0,14,1,14.0,GOOD,2,66.9,SYNTHETIC_DEMO
-67.7,64.6,48,1,3,0,0,1,0.0,18,1,27.3,EXCELLENT,3,84.4,SYNTHETIC_DEMO
-75.0,50.0,48,1,0,1,0,0,0.0,16,1,20.0,POOR,0,51.5,SYNTHETIC_DEMO
-91.1,17.8,11,0,2,0,0,3,0.0,22,0,3.9,POOR,0,43.5,SYNTHETIC_DEMO
-66.2,67.6,3,0,3,0,0,5,2.8,4,0,28.8,GOOD,2,62.8,SYNTHETIC_DEMO
-66.7,66.6,1,0,3,0,0,4,0.0,10,1,28.3,GOOD,2,71.4,SYNTHETIC_DEMO
-43.8,100.0,48,1,4,0,0,0,0.0,6,0,51.2,EXCELLENT,3,95.4,SYNTHETIC_DEMO
-56.2,87.6,5,0,3,0,0,1,3.1,22,1,38.8,EXCELLENT,3,84.3,SYNTHETIC_DEMO
-79.3,41.4,6,0,3,0,0,4,0.0,11,1,15.7,GOOD,2,63.5,SYNTHETIC_DEMO
-39.0,100.0,40,1,3,0,0,3,0.0,22,0,55.0,EXCELLENT,3,89.3,SYNTHETIC_DEMO
-47.9,100.0,1,0,0,1,0,8,0.0,21,1,47.1,POOR,0,51.0,SYNTHETIC_DEMO
-56.9,86.2,36,1,1,0,0,0,0.0,4,1,38.1,POOR,0,71.8,SYNTHETIC_DEMO
-68.2,63.6,11,0,3,0,0,4,0.0,18,1,26.8,GOOD,2,65.4,SYNTHETIC_DEMO
-78.4,43.2,8,0,3,0,0,2,2.9,13,0,16.6,FAIR,1,59.0,SYNTHETIC_DEMO
-70.2,59.6,11,0,3,0,0,3,0.0,10,0,24.8,GOOD,2,62.3,SYNTHETIC_DEMO
-49.8,100.0,153,1,3,0,0,2,0.0,14,0,45.2,EXCELLENT,3,89.8,SYNTHETIC_DEMO
-38.6,100.0,7,0,3,0,1,2,2.9,5,0,55.0,GOOD,2,75.7,SYNTHETIC_DEMO
-43.4,100.0,1,0,0,1,0,5,0.0,15,1,51.6,POOR,0,53.9,SYNTHETIC_DEMO
-71.8,56.4,157,1,2,0,0,1,0.0,4,1,23.2,GOOD,2,71.2,SYNTHETIC_DEMO
-80.7,38.6,11,0,4,0,0,2,0.0,15,1,14.3,GOOD,2,67.7,SYNTHETIC_DEMO
-63.0,74.0,11,0,3,0,0,5,0.0,10,1,32.0,GOOD,2,69.1,SYNTHETIC_DEMO
-89.8,20.4,5,0,4,0,0,2,2.7,17,1,5.2,POOR,0,58.8,SYNTHETIC_DEMO
-60.5,79.0,1,0,0,1,0,3,0.0,23,1,34.5,POOR,0,45.5,SYNTHETIC_DEMO
-67.1,65.8,11,0,4,0,0,4,0.0,11,1,27.9,GOOD,2,73.4,SYNTHETIC_DEMO
-71.5,57.0,11,0,3,0,0,1,0.0,13,0,23.5,GOOD,2,63.3,SYNTHETIC_DEMO
-87.3,25.4,1,0,0,1,1,6,0.0,24,1,7.7,POOR,0,20.9,SYNTHETIC_DEMO
-57.8,84.4,6,0,4,0,0,3,0.0,23,0,37.2,EXCELLENT,3,83.5,SYNTHETIC_DEMO
-72.5,55.0,48,1,3,0,0,3,0.0,5,0,22.5,GOOD,2,72.0,SYNTHETIC_DEMO
-81.4,37.2,6,0,3,0,0,1,0.0,9,1,13.6,GOOD,2,64.0,SYNTHETIC_DEMO
-98.0,4.0,12,0,2,0,0,2,2.6,16,1,0.0,POOR,0,38.2,SYNTHETIC_DEMO
-65.4,69.2,11,0,3,0,0,2,0.0,17,1,29.6,GOOD,2,71.6,SYNTHETIC_DEMO
-40.2,100.0,11,0,4,0,0,2,0.0,11,1,54.8,EXCELLENT,3,90.6,SYNTHETIC_DEMO
-41.7,100.0,10,0,3,0,0,6,2.0,22,1,53.3,EXCELLENT,3,82.6,SYNTHETIC_DEMO
-71.4,57.2,6,0,3,0,0,0,0.0,13,1,23.6,EXCELLENT,3,80.6,SYNTHETIC_DEMO
-73.4,53.2,157,1,2,0,0,0,0.0,9,1,21.6,GOOD,2,68.8,SYNTHETIC_DEMO
-58.4,83.2,6,0,3,0,0,4,0.0,14,1,36.6,GOOD,2,75.8,SYNTHETIC_DEMO
-79.0,42.0,153,1,3,0,0,2,0.0,21,1,16.0,GOOD,2,67.4,SYNTHETIC_DEMO
-60.8,78.4,161,1,3,0,0,0,0.0,20,1,34.2,EXCELLENT,3,85.0,SYNTHETIC_DEMO
-54.3,91.4,8,0,3,0,0,3,1.4,15,1,40.7,EXCELLENT,3,79.4,SYNTHETIC_DEMO
-47.8,100.0,1,0,2,0,0,3,0.0,13,0,47.2,GOOD,2,69.8,SYNTHETIC_DEMO
-66.4,67.2,6,0,4,0,0,4,0.0,3,1,28.6,GOOD,2,77.4,SYNTHETIC_DEMO
-67.9,64.2,40,1,3,0,0,1,0.0,8,0,27.1,EXCELLENT,3,83.0,SYNTHETIC_DEMO
-77.3,45.4,6,0,3,0,0,5,0.0,23,1,17.7,FAIR,1,60.9,SYNTHETIC_DEMO
-76.6,46.8,11,0,3,0,0,2,0.0,4,1,18.4,GOOD,2,67.3,SYNTHETIC_DEMO
-68.2,63.6,6,0,3,0,0,5,0.0,15,1,26.8,FAIR,1,61.2,SYNTHETIC_DEMO
-59.9,80.2,48,1,3,0,0,0,0.0,15,1,35.1,EXCELLENT,3,90.3,SYNTHETIC_DEMO
-52.2,95.6,40,1,4,0,0,1,0.0,21,0,42.8,EXCELLENT,3,90.8,SYNTHETIC_DEMO
-76.2,47.6,1,0,3,0,0,3,0.0,11,0,18.8,FAIR,1,61.8,SYNTHETIC_DEMO
-44.1,100.0,48,1,4,0,0,0,0.0,21,1,50.9,EXCELLENT,3,100.0,SYNTHETIC_DEMO
-68.8,62.4,6,0,3,0,0,3,0.0,25,1,26.2,GOOD,2,73.3,SYNTHETIC_DEMO
-65.3,69.4,1,0,2,0,0,3,0.0,3,1,29.7,FAIR,1,61.3,SYNTHETIC_DEMO
-75.5,49.0,44,1,3,0,0,1,0.0,25,1,19.5,GOOD,2,73.7,SYNTHETIC_DEMO
-98.0,4.0,6,0,3,0,0,4,0.0,10,1,0.0,POOR,0,45.5,SYNTHETIC_DEMO
-52.6,94.8,1,0,3,0,0,7,0.0,25,1,42.4,GOOD,2,69.2,SYNTHETIC_DEMO
-54.7,90.6,6,0,4,0,0,2,0.0,16,1,40.3,EXCELLENT,3,85.4,SYNTHETIC_DEMO
-68.9,62.2,149,1,3,0,0,2,0.0,18,1,26.1,GOOD,2,72.5,SYNTHETIC_DEMO
-64.1,71.8,157,1,4,0,0,0,0.0,6,0,30.9,EXCELLENT,3,90.2,SYNTHETIC_DEMO
-57.8,84.4,6,0,3,0,0,5,0.0,20,1,37.2,GOOD,2,74.7,SYNTHETIC_DEMO
-86.9,26.2,153,1,3,0,0,1,0.0,16,1,8.1,POOR,0,68.7,SYNTHETIC_DEMO
-72.4,55.2,6,0,3,0,0,3,0.0,11,1,22.6,GOOD,2,64.9,SYNTHETIC_DEMO
-53.9,92.2,11,0,3,0,0,4,0.0,17,1,41.1,GOOD,2,74.9,SYNTHETIC_DEMO
-82.6,34.8,6,0,4,0,0,1,0.0,5,1,12.4,POOR,0,70.1,SYNTHETIC_DEMO
-60.9,78.2,6,0,3,0,0,7,0.0,6,1,34.1,GOOD,2,67.2,SYNTHETIC_DEMO
-84.0,32.0,1,0,0,1,0,2,0.0,25,1,11.0,POOR,0,36.4,SYNTHETIC_DEMO
-58.5,83.0,36,1,3,0,0,0,0.0,20,1,36.5,EXCELLENT,3,88.2,SYNTHETIC_DEMO
-65.5,69.0,11,0,3,0,0,1,0.0,16,1,29.5,EXCELLENT,3,82.1,SYNTHETIC_DEMO
-87.6,24.8,1,0,0,1,0,2,0.0,17,1,7.4,POOR,0,35.6,SYNTHETIC_DEMO
-48.7,100.0,6,0,0,1,0,4,0.0,10,1,46.3,POOR,0,62.1,SYNTHETIC_DEMO
-75.3,49.4,10,0,3,0,0,4,3.2,12,1,19.7,GOOD,2,62.5,SYNTHETIC_DEMO
-76.3,47.4,40,1,3,0,0,1,0.0,14,1,18.7,EXCELLENT,3,79.5,SYNTHETIC_DEMO
-62.2,75.6,6,0,3,0,0,5,0.0,23,1,32.8,GOOD,2,67.2,SYNTHETIC_DEMO
-48.9,100.0,4,0,3,0,0,1,2.1,11,0,46.1,EXCELLENT,3,84.4,SYNTHETIC_DEMO
-79.2,41.6,48,1,2,0,0,0,0.0,10,1,15.8,GOOD,2,63.3,SYNTHETIC_DEMO
-64.1,71.8,6,0,3,0,0,3,0.0,19,1,30.9,GOOD,2,68.5,SYNTHETIC_DEMO
-59.0,82.0,11,0,3,0,0,1,0.0,11,1,36.0,EXCELLENT,3,86.0,SYNTHETIC_DEMO
-55.3,89.4,2,0,3,0,0,8,2.8,15,1,39.7,GOOD,2,65.4,SYNTHETIC_DEMO
-62.5,75.0,6,0,3,0,0,2,0.0,16,1,32.5,GOOD,2,73.7,SYNTHETIC_DEMO
-70.1,59.8,161,1,3,0,0,1,0.0,7,0,24.9,GOOD,2,75.5,SYNTHETIC_DEMO
-76.6,46.8,149,1,0,1,0,0,0.0,11,1,18.4,POOR,0,49.0,SYNTHETIC_DEMO
-63.8,72.4,10,0,2,0,0,2,2.2,18,0,31.2,FAIR,1,58.6,SYNTHETIC_DEMO
-80.0,40.0,157,1,0,1,0,3,0.0,21,1,15.0,POOR,0,41.7,SYNTHETIC_DEMO
-98.0,4.0,1,0,4,0,0,2,0.0,25,1,0.0,POOR,0,62.2,SYNTHETIC_DEMO
-58.9,82.2,2,0,3,0,0,2,2.7,9,1,36.1,GOOD,2,73.3,SYNTHETIC_DEMO
-52.3,95.4,6,0,3,0,0,0,0.0,14,1,42.7,EXCELLENT,3,93.4,SYNTHETIC_DEMO
-98.0,4.0,1,0,3,0,0,4,0.0,4,1,0.0,POOR,0,50.1,SYNTHETIC_DEMO
-79.1,41.8,6,0,3,0,0,1,0.0,20,1,15.9,GOOD,2,68.6,SYNTHETIC_DEMO
-56.3,87.4,6,0,3,0,0,3,0.0,20,1,38.7,EXCELLENT,3,81.2,SYNTHETIC_DEMO
-36.2,100.0,36,1,3,0,0,0,0.0,18,1,55.0,EXCELLENT,3,95.0,SYNTHETIC_DEMO
-64.7,70.6,1,0,0,1,0,6,0.0,13,1,30.3,POOR,0,45.4,SYNTHETIC_DEMO
-75.2,49.6,11,0,3,0,0,4,0.0,4,1,19.8,GOOD,2,65.3,SYNTHETIC_DEMO
